"dataset","n_replicates","folds_per_replicate","mean_enrichment_auc","mean_pu_auc","mean_difference","author_mean_difference","local_minus_author_difference","fold_identity_mismatches","max_summary_aggregation_error","status"
"DXS",10,10,0.976957901503614,0.979647753282626,0.00268985177901166,0.00269,-1.48220988338468e-07,0,6.07153216591882e-18,"PASS"
"LGK",10,10,0.743880190634655,0.744121247767368,0.000241057132713039,0.000241,5.71327130394813e-08,0,5.96311194867027e-19,"PASS"
"PyKS",10,10,0.849267614366545,0.84975278311421,0.000485168747665815,0.000492,-6.83125233418496e-06,0,4.87890977618477e-19,"PASS"
"rocker",10,10,0.807959365194924,0.818165637203889,0.0102062720089643,0.0102,6.27200896432395e-06,0,5.20417042793042e-17,"PASS"
"HA",10,10,0.678632447010504,0.680462980073929,0.00183053306342455,0.00183,5.33063424545174e-07,0,4.98732999343332e-18,"PASS"
"SUMO1",10,10,0.756220176234023,0.76322354686247,0.00700337062844656,0.007006,-2.62937155343524e-06,0,5.20417042793042e-18,"PASS"
"UBE2I",10,10,0.800067653200147,0.803278928653537,0.00321127545339024,0.003216,-4.72454660975681e-06,0,4.77048955893622e-18,"PASS"
"TPK1",10,10,0.758779514540514,0.76158112806368,0.00280161352316689,0.002796,5.61352316688938e-06,0,5.20417042793042e-18,"PASS"
"Bgl3",10,10,0.777915962443941,0.79461041905704,0.0166944566130997,0.016694,4.56613099671099e-07,0,5.20417042793042e-17,"PASS"
"GB1",10,10,0.865098008560157,0.869844270861549,0.00474626230139169,0.004746,2.62301391689389e-07,0,6.07153216591882e-18,"PASS"
