"dataset","n_unique","labeled_reads","unlabeled_reads","nfolds","nhyperparam","selected_py","auc_corrected","auc_pu","reference_auc","difference_from_reference","status","source_file"
"DXS",59840,714492,666284,5,10,0.001,0.979651565592036,0.979171914026444,0.979644503433839,7.06215819679112e-06,"ok","DXS_metrics.csv"
"GB1",536962,259540723,323082194,3,5,0.0223606797749979,0.851626963291609,0.843764345365191,0.869844250134942,-0.0182172868433326,"ok","GB1_metrics.csv"
"PyKS",102041,925338,1540433,3,5,0.0223606797749979,0.844360440878593,0.836660307332929,0.849753278800652,-0.00539283792205947,"ok","PyKS_metrics.csv"
"UBE2I",265733,3533840,4055324,3,5,0.001,0.803229372296313,0.802926142924016,0.803275489330949,-4.6117034636306e-05,"ok","UBE2I_metrics.csv"
"Bgl3_LT",614576,2605424,1533146,3,5,0.00472870804501588,0.693313696535646,0.692399572503626,0.794615994869779,-0.101302298334133,"ok","Bgl3_LT_metrics.csv"
"SUMO1",212621,2311929,2455122,3,5,0.001,0.763162131282346,0.762898969151064,0.763221300673299,-5.91693909526292e-05,"ok","SUMO1_metrics.csv"
"TPK1",404137,3591326,6903397,3,5,0.00472870804501588,0.76206726446881,0.760828024886981,0.761575564672715,0.000491699796095091,"ok","TPK1_metrics.csv"
"LGK",92122,654818,764949,5,10,0.0158322348764747,0.7443136230553,0.740445592391566,0.744099037230703,0.000214585824597435,"ok","LGK_metrics.csv"
"HA",141286,1346267,1766426,5,10,0.001,0.680249423504443,0.680069174080939,0.680454834486221,-0.000205410981777843,"ok","HA_metrics.csv"
