"dataset","rep","fold","enrichment_auc","pu_auc","difference","py1","nfolds"
"PyKS",10,1,0.849415962830753,0.84979498915253,0.000379026321776887,0.0365225911356268,10
"PyKS",10,2,0.849916757264393,0.850423888830452,0.000507131566058749,0.0365225911356268,10
"PyKS",10,3,0.848183174550591,0.848854171015318,0.000670996464726681,0.0365225911356268,10
"PyKS",10,4,0.849718969735077,0.850173182946847,0.000454213211769305,0.0365225911356268,10
"PyKS",10,5,0.847675920727853,0.848211441334399,0.000535520606545492,0.0365225911356268,10
"PyKS",10,6,0.848903618338731,0.849384510814966,0.000480892476234618,0.0365225911356268,10
"PyKS",10,7,0.849399384233567,0.849870953195169,0.000471568961602054,0.0365225911356268,10
"PyKS",10,8,0.850284773413284,0.85066379244413,0.000379019030846139,0.0365225911356268,10
"PyKS",10,9,0.85016481264567,0.850594131770356,0.000429319124685912,0.0365225911356268,10
"PyKS",10,10,0.848833817666509,0.849433161481873,0.000599343815363751,0.0365225911356268,10
