id,主题,待核查论断,证据来源,来源支持什么,来源不能支持什么,当前判断,置信度,下一步
E01,BRENDA,BRENDA是成熟的大型酶学数据资源,https://academic.oup.com/nar/article/54/D1/D527/8315798,"报告知识图谱、数据规模、参考文献、下载与SPARQL",不证明每条记录适合某个ML任务,已确认,高,审计观察级记录
E02,BRENDA,BRENDA有丰富结构化字段,https://www.brenda-enzymes.org/schemas/2.0.0/brenda.schema.json,"schema包含动力学、条件、抑制剂、变体、蛋白、参考文献等",不证明字段在同一观察中完整共现,已确认,高,计算字段共现率
E03,BRENDA,总条目数不能等同AI-ready样本数,https://www.brenda-enzymes.org/statistics.php,"统计页说明计数按酶/生物体/蛋白/评论/参考文献等组合统计",不直接提供任务级完整率,合理推断,中,定义观察级单位并量化
E04,数据质量,酶学文献普遍缺少关键实验条件,https://pmc.ncbi.nlm.nih.gov/articles/PMC6258184/,"11篇论文均有缺失；100篇来源论文有多类条件缺失",样本规模有限且不等于所有领域,直接支持,高,检查阴性记录是否更差
E05,标准化,STRENDA规定动力学数据的最低报告要求,https://www.beilstein-strenda-db.org/strenda/public/guidelines.xhtml,支持条件/单位/检测限/误差等标准化需求,不证明历史文献都符合规范,已确认,高,对照文献缺失
E06,标准化,EnzymeML已有反应条件和动力学模型的数据表示,https://www.nature.com/articles/s41592-022-01763-1,支持FAIR和结构化数据流,不专门解决阴性语义和文献恢复,已确认,高,避免声称首次建schema
E07,标准化,SABIO-RK保存条件化反应动力学记录,https://pmc.ncbi.nlm.nih.gov/articles/PMC5753344/,支持人工抽取、专家检查和条件化记录,不证明负结果统一保存,已确认,高,比较其记录状态
E08,阴性稀缺,DMS/定向进化任务常缺少负序列,https://pmc.ncbi.nlm.nih.gov/articles/PMC7856229/,支持PU学习动机和任务依赖的负例缺失,不代表所有酶学任务都缺阴性,已确认,高,限定任务范围
E09,负例推定,蛋白功能预测已有负例选择方法,https://journals.plos.org/ploscompbiol/article?id=10.1371/journal.pcbi.1003644,支持负例选择和open-world问题已有研究,推定负例不是实测阴性,已确认,高,区分证据等级
E10,监督形式,回归/排序/多种连续监督已有酶工程应用,https://www.nature.com/articles/s41467-026-76264-2,支持0/1之外已有方法,不证明证据化标签无价值,已确认,高,把创新放在语义和验证
E11,文献抽取,LLM可从科学文本输出结构化数据,https://pmc.ncbi.nlm.nih.gov/articles/PMC10869356/,支持JSON/实体关系抽取可行,不保证化学事实和证据位置正确,已确认,高,做字段级金标准
E12,文献抽取,合成与反应领域已有高质量专门抽取系统,https://www.nature.com/articles/s41467-026-70180-1,支持专门领域可达到较高抽取效果,不等于酶学阴性抽取已解决,已确认,中高,寻找酶学对应工作
E13,弱监督,弱监督可使用多规则与ABSTAIN处理噪声标签,https://pmc.ncbi.nlm.nih.gov/articles/PMC7251675/,支持伪标签管线已有方法,不支持把伪标签当实测事实,已确认,高,保留inferred和confidence
E14,可解释性,CoT/理由文本不等于忠实解释,https://arxiv.org/abs/2307.13702,支持理由可能不忠实于决策过程,不否定来源证据链价值,已确认,中高,采用span/provenance定义解释
E15,组合缺口,尚未发现同时覆盖负类型/上下文/证据位置/增量验证的成熟工作,本轮检索及来源注册表,支持当前检索未见成熟端到端实例,不构成全领域不存在证明,待验证假设,中低,系统检索和引文追踪
E16,研究价值,证据化阴性是否改善模型需要控制样本量/类别比例/泄漏后实测,方法学推论,支持实验设计必要性,不预先保证收益,待验证假设,高,做四组数据消融
E17,研究范围,覆盖所有分子科学的统一数据集目前不宜作为第一阶段目标,已有资源高度异构且任务依赖,支持收窄范围的理由,不证明跨领域不可行,研究策略,高,先选酶学单任务
