PMID,year,title,stage,decision,reason,evidence_source
32207174,2020,"β-glucosidase from Hevea brasiliensis seeds: Purification, homology modeling, and insights into the substrate-binding model",title_abstract,include_to_fulltext,"Defined β-glucosidase; abstract says substrate specificity was verified through kinetic measurements.",https://pubmed.ncbi.nlm.nih.gov/32207174/
32277984,2020,"Purification, characterization and specificity of a new GH family 35 galactosidase from Aspergillus awamori",title_abstract,exclude,"Target is GH35 galactosidase, not β-glucosidase; search-term neighborhood only.",https://pubmed.ncbi.nlm.nih.gov/32277984/
32522206,2020,"A glucotolerant β-glucosidase from the fungus Talaromyces amestolkiae and its conversion into a glycosynthase for glycosylation of phenolic compounds",fulltext,include,"Full text confirms primary experiments and a multi-substrate panel despite Review metadata; detailed outcome/context audit is E126/J071.",https://pmc.ncbi.nlm.nih.gov/articles/PMC7288487/
32665004,2020,"Expression, homology modeling and enzymatic characterization of a new β-mannanase belonging to glycoside hydrolase family 1 from Enterobacter aerogenes B19",title_abstract,exclude,"Target is β-mannanase, not β-glucosidase; GH-family overlap does not meet the narrow cohort.",https://pubmed.ncbi.nlm.nih.gov/32665004/
32758852,2020,"Conversion of cropland to natural vegetation boosts microbial and enzyme activities in soil",title_abstract,exclude,"Soil/community enzyme activity and ecosystem succession; no defined enzyme–substrate specificity observation.",https://pubmed.ncbi.nlm.nih.gov/32758852/
33144261,2021,"A novel cold-adapted phospho-beta-galactosidase from Bacillus velezensis and its potential application for lactose hydrolysis in milk",title_abstract,exclude,"Target is phospho-β-galactosidase, not β-glucosidase.",https://pubmed.ncbi.nlm.nih.gov/33144261/
33166469,2020,"X-ray Structure, Bioinformatics Analysis, and Substrate Specificity of a 6-Phospho-β-glucosidase Glycoside Hydrolase 1 Enzyme from Bacillus licheniformis",title_abstract,include_to_fulltext,"Defined 6-phospho-β-glucosidase with a stated specificity study; retain as a separately identifiable phosphorylated-substrate subtype.",https://pubmed.ncbi.nlm.nih.gov/33166469/
33347927,2021,"Structural insight into a GH1 β-glucosidase from the oleaginous microalga, Nannochloropsis oceanica",title_abstract,include_to_fulltext,"Abstract describes biochemical and structural study of a defined GH1 β-glucosidase; verify its substrate-panel measurements in full text.",https://pubmed.ncbi.nlm.nih.gov/33347927/
33429300,2021,"Metabarcoding analysis of the bacterial succession during vermicomposting of municipal solid waste employing the earthworm Eisenia fetida",title_abstract,exclude,"Microbial community/metabarcoding study, not enzyme-specific activity panel.",https://pubmed.ncbi.nlm.nih.gov/33429300/
33449963,2021,"Functional screening of a Caatinga goat (Capra hircus) rumen metagenomic library reveals a novel GH3 β-xylosidase",title_abstract,exclude,"Target is β-xylosidase rather than β-glucosidase.",https://pubmed.ncbi.nlm.nih.gov/33449963/
33471829,2021,"Structural analysis of rice Os4BGlu18 monolignol β-glucosidase",title_abstract,include_to_fulltext,"Defined monolignol β-glucosidase; abstract compares efficiency across natural substrates.",https://pubmed.ncbi.nlm.nih.gov/33471829/
33636259,2021,"Production, immobilization and characterization of beta-glucosidase for application in cellulose degradation from a novel Aspergillus versicolor",title_abstract,include_to_fulltext,"Purified β-glucosidase and explicit substrate-specificity research across linkage types are reported.",https://pubmed.ncbi.nlm.nih.gov/33636259/
33745010,2021,"Peculiarities and systematics of microbial diglycosidases, and their applications in food technology",title_abstract,exclude,"PubMed type and abstract identify a review, not a primary experimental paper.",https://pubmed.ncbi.nlm.nih.gov/33745010/
33871765,2021,"Unconventional β-Glucosidases: A Promising Biocatalyst for Industrial Biotechnology",title_abstract,exclude,"PubMed type and abstract identify a review, not a primary experimental paper.",https://pubmed.ncbi.nlm.nih.gov/33871765/
34423980,2021,"Differences in Gluco and Galacto Substrate-Binding Interactions in a Dual 6Pβ-Glucosidase/6Pβ-Galactosidase Glycoside Hydrolase 1 Enzyme from Bacillus licheniformis",title_abstract,include_to_fulltext,"Defined dual 6-phospho enzyme with a stated substrate-specificity comparison; retain as a phosphorylated-substrate subtype.",https://pubmed.ncbi.nlm.nih.gov/34423980/
34606155,2022,"Directional bioconversion and optimization of stevioside into rubusoside by Lelliottia sp. LST-1",title_abstract,exclude,"Whole-strain bioconversion; abstract does not establish an isolated/defined β-glucosidase–substrate activity panel.",https://pubmed.ncbi.nlm.nih.gov/34606155/
34785432,2022,"Enhanced biotransformation of the minor ginsenosides in red ginseng extract by Penicillium decumbens β-glucosidase",title_abstract,include_to_fulltext,"Specific β-glucosidase preparation and substrate-specificity tests on named ginsenosides are reported.",https://pubmed.ncbi.nlm.nih.gov/34785432/
34965581,2022,"Substrate specificity of glycoside hydrolase family 1 β-glucosidase AtBGlu42 from Arabidopsis thaliana and its molecular mechanism",title_abstract,include_to_fulltext,"Directly studies substrate specificity of a defined GH1 β-glucosidase.",https://pubmed.ncbi.nlm.nih.gov/34965581/
35464910,2022,"Study on the Biochemical Characterization and Selectivity of Three β-Glucosidases From Bifidobacterium adolescentis ATCC15703",title_abstract,include_to_fulltext,"Three defined recombinant β-glucosidases with biochemical/selectivity comparison.",https://pubmed.ncbi.nlm.nih.gov/35464910/
35708781,2022,"Cellulase activity of a novel bacterial strain Arthrobacter woluwensis TDS9: its application on bioconversion of paper mill sludge",title_abstract,exclude,"Strain-level cellulase production/biomass conversion; no defined β-glucosidase substrate panel established in abstract.",https://pubmed.ncbi.nlm.nih.gov/35708781/
35723691,2022,"Crystal structure of metagenomic β-glycosidase MeBglD2 in complex with various saccharides",title_abstract,unclear,"Abstract reports substrate recognition and activity modulation but centers on crystal complexes; verify whether it includes the required experimental multi-substrate hydrolysis panel.",https://pubmed.ncbi.nlm.nih.gov/35723691/
35793414,2022,"Novel β-Glucosidase Mibgl3 from Microbacterium sp. XT11 with Oligoxanthan-Hydrolyzing Activity",title_abstract,include_to_fulltext,"Defined β-glucosidase is biochemically characterized for activity on a named substrate class; verify specificity-panel breadth in full text.",https://pubmed.ncbi.nlm.nih.gov/35793414/
36194965,2022,"Recognition mechanism of endocellulase for β-glucan containing β(1 → 3),(1 → 4) mixed-linkages",title_abstract,exclude,"Primary target is GH12 endocellulase; β-glucosidase appears as a partner in combined cellulose degradation, not as the specificity target.",https://pubmed.ncbi.nlm.nih.gov/36194965/
36371935,2023,"Specific and efficient hydrolysis of all outer glucosyls in protopanaxadiol type and protopanaxatriol type ginsenosides by a β-glucosidase from Thermoclostridium stercorarium",title_abstract,include_to_fulltext,"Defined β-glucosidase tested against multiple named ginsenosides with kinetic/activity measurements.",https://pubmed.ncbi.nlm.nih.gov/36371935/
37055368,2023,"Identification and characterization of extracellular GH3 β-glucosidase from the pink snow mold fungus, Microdochium nivale",title_abstract,include_to_fulltext,"Defined GH3 β-glucosidase is characterized and compared across p-nitrophenyl β-glycoside substrates.",https://pubmed.ncbi.nlm.nih.gov/37055368/
