"dataset","rep","enrichment_auc","pu_auc","difference"
"SUMO1",1,0.756213749803981,0.76321961655391,0.00700586674992878
"SUMO1",2,0.756210688509358,0.763218397868199,0.00700770935884087
"SUMO1",3,0.756225452541963,0.76322983486186,0.00700438231989656
"SUMO1",4,0.756218866434193,0.763226497608174,0.00700763117398076
"SUMO1",5,0.756221466917204,0.763226748244054,0.00700528132684979
"SUMO1",6,0.756220343325367,0.763222261042242,0.00700191771687518
"SUMO1",7,0.75622397268108,0.7632247091659,0.00700073648482016
"SUMO1",8,0.756217161832782,0.763220315198776,0.00700315336599413
"SUMO1",9,0.756228076901713,0.763229359758311,0.00700128285659795
"SUMO1",10,0.756221983392589,0.76321772832327,0.00699574493068147
