seed,true_prevalence,observed_positive_rate,c_hat,naive_auc,pu_auc,naive_ap,pu_ap,naive_brier,pu_brier,naive_logloss,pu_logloss
20260921,0.43952380952380954,0.14871794871794872,0.234770593204859,0.8459218811989643,0.8459218811989643,0.8235454895332232,0.8235454895332232,0.28017487248485684,0.1695790484821505,0.7906364545090996,0.6876368749610996
20260922,0.4423809523809524,0.15025641025641026,0.22668019127936737,0.8701936556116189,0.8701936556116189,0.8442225758969062,0.8442225758969062,0.2791385838016425,0.16393447156034416,0.7765151472478551,0.7143718205347128
20260923,0.43476190476190474,0.1523076923076923,0.23887746620832045,0.8669679099333691,0.8669679099333691,0.8333504347267091,0.8333504347267091,0.27650177160893524,0.15653279935534842,0.776763238313708,0.6854294400327524
20260924,0.4785714285714286,0.16230769230769232,0.25324732948899875,0.8586074195233877,0.8586074195233877,0.8449234847922762,0.8449234847922762,0.296341864951914,0.15910889894460692,0.826571469127611,0.6848896790290663
20260925,0.44285714285714284,0.1594871794871795,0.23816379452359054,0.8820329013877403,0.8820329013877403,0.8575341541927497,0.8575341541927497,0.2641479147194041,0.1601207767829694,0.7332240034480229,0.7006351181560905
20260926,0.45571428571428574,0.1558974358974359,0.23677388430982305,0.8667094512872412,0.8667094512872412,0.8554880126321898,0.8554880126321898,0.28355508999869744,0.1601835122588912,0.7921973046208967,0.6402401335121334
20260927,0.4595238095238095,0.15897435897435896,0.26259357286001006,0.8704654082308096,0.8704654082308096,0.853607210049373,0.853607210049373,0.277519880764247,0.15068912283042304,0.7779799948649357,0.626895289955694
20260928,0.45,0.16128205128205128,0.24441733890743167,0.8778066378066378,0.8778066378066378,0.8475625607598862,0.8475625607598862,0.2701961844430105,0.15754335946582934,0.7481895252195396,0.7384053503527953
20260929,0.4633333333333333,0.15717948717948718,0.22926850228264278,0.8817030543393907,0.8817030543393907,0.871003913936613,0.871003913936613,0.2870611965081347,0.15837293249435938,0.7924326984280518,0.6411965459157271
20260930,0.4595238095238095,0.16641025641025642,0.25139093075000346,0.8685626897354546,0.8685626897354546,0.8533880130774034,0.8533880130774034,0.2764769737649676,0.15764295094847164,0.7697531358706284,0.6532285714139602
20260931,0.4419047619047619,0.15871794871794873,0.2413254275492494,0.8677051459338591,0.8677051459338591,0.8363315045288259,0.8363315045288259,0.276914592876896,0.16103285465193196,0.7702074768215128,0.6667095069457809
20260932,0.4633333333333333,0.15692307692307692,0.23627003778074077,0.8801573267941611,0.8801573267941611,0.8634828036300499,0.8634828036300499,0.278776330024776,0.1596055770491649,0.7690241474218348,0.6905982123383048
20260933,0.47095238095238096,0.15692307692307692,0.23095001248333244,0.876420099037204,0.876420099037204,0.8632318790816285,0.8632318790816285,0.2875920516497766,0.15996952848646764,0.794014949714422,0.7083386984336971
20260934,0.44571428571428573,0.16076923076923078,0.23465565131435964,0.871773761271184,0.871773761271184,0.8496187252754942,0.8496187252754942,0.27178087676256973,0.16762794028976744,0.7544000209508411,0.7520539296149058
20260935,0.44476190476190475,0.14794871794871794,0.22993147738380554,0.8560058179467497,0.8560058179467497,0.8323464912279718,0.8323464912279718,0.28199203777548465,0.16973542231322852,0.7893165053210981,0.7166224381825532
20260936,0.4533333333333333,0.15307692307692308,0.23103276476709453,0.8742112698738033,0.8742112698738033,0.850151939833139,0.850151939833139,0.2838922362055915,0.15870576562948455,0.7891496377162113,0.7121188340230177
20260937,0.45476190476190476,0.15487179487179487,0.24688777751618396,0.8786876700427536,0.8786876700427536,0.8629650489620911,0.8629650489620911,0.2791471318177096,0.14798351780120989,0.7809489331713575,0.6035288275795123
20260938,0.4419047619047619,0.1605128205128205,0.23304779596986092,0.8666487068965517,0.8666487068965517,0.8430003320559935,0.8430003320559935,0.2731561322730499,0.16708916300121457,0.7619871819177342,0.7066668139379116
20260939,0.46,0.15564102564102564,0.25346271130396475,0.8568489124044679,0.8568489124044679,0.8402011856655242,0.8402011856655242,0.28910031455386237,0.15785105577868427,0.8141606091709023,0.6203252502053102
20260940,0.4542857142857143,0.1641025641025641,0.24831966362943342,0.8660064539497514,0.8660064539497514,0.8479573078024395,0.8479573078024395,0.2769647889203181,0.16121547795449379,0.7713239106500348,0.6793063157315312
