record_id,paper_id,source_entity,substrate,source_value_or_statement,evidence_granularity,annotation_status,evidence_type,assay_context,context_gaps,source_location,source_url,database_crosswalk
NP001,J043,"LpBgl5 (XOT41254.1; gene PQ462659)",p-nitrophenyl-alpha-D-glucopyranoside,"0 relative activity; no activity detected",substrate-level table cell plus prose,confirmed_negative,quantitative_zero_reported,"10 mM; 25 µg enzyme; citrate-phosphate pH 6; 40 C; 1 h; A405; triplicates; almond beta-glucosidase positive and empty-vector E. coli negative controls","Analytical LOD and raw replicate values not reported/publicly available",Table 1 and substrate-specificity Results,https://doi.org/10.1007/s00253-025-13472-8,"BRENDA EC 3.2.1.86 has a different L. plantarum WCFS1 protein entry; no exact accession-paper-substrate-result match established (Q090, Q136)"
NP002,J043,"LpBgl5 (XOT41254.1; gene PQ462659)",p-nitrophenyl-beta-D-galactopyranoside,"0 relative activity; no activity detected",substrate-level table cell plus prose,confirmed_negative,quantitative_zero_reported,"10 mM; 25 µg enzyme; citrate-phosphate pH 6; 40 C; 1 h; A405; triplicates; almond beta-glucosidase positive and empty-vector E. coli negative controls","Analytical LOD and raw replicate values not reported/publicly available",Table 1 and substrate-specificity Results,https://doi.org/10.1007/s00253-025-13472-8,"BRENDA EC 3.2.1.86 has a different L. plantarum WCFS1 protein entry; no exact accession-paper-substrate-result match established (Q090, Q136)"
NP003,J043,"LpBgl5 (XOT41254.1; gene PQ462659)",arbutin,"No hydrolysis observed through 96 h",substrate-level prose plus TLC figure,confirmed_negative,qualitative_no_detect,"1 mM; 50 µg enzyme; citrate-phosphate pH 6; 40 C; TLC time course through 96 h; positive almond beta-glucosidase and empty-vector E. coli controls","TLC detection threshold and raw quantitative replicate data unavailable",Figure 3 and substrate-specificity Results,https://doi.org/10.1007/s00253-025-13472-8,"Homolog-level BRENDA presence is not an exact LpBgl5/substrate-source-result match; coverage unresolved (Q090, Q136)"
NP004,J043,"LpBgl5 (XOT41254.1; gene PQ462659)",cellobiose,"No hydrolysis observed through 96 h",substrate-level prose plus TLC figure,confirmed_negative,qualitative_no_detect,"1 mM; 50 µg enzyme; citrate-phosphate pH 6; 40 C; TLC time course through 96 h; positive almond beta-glucosidase and empty-vector E. coli controls","TLC detection threshold and raw quantitative replicate data unavailable",Figure 3 and substrate-specificity Results,https://doi.org/10.1007/s00253-025-13472-8,"BRENDA cellobiose-6-phosphate is chemically distinct from this unphosphorylated substrate; exact coverage unresolved (Q090, Q136)"
NP005,J044,"BglM-G1 wild type","p-nitrophenyl-alpha-D-arabinofuranoside","No activity detected; explicit Results statement for tested alpha-glycosidic substrates in the BglM-G1 subsection",paragraph-level panel statement mapped to tested substrate,confirmed_negative,qualitative_no_detect,"2 mM; 50 mM sodium citrate pH 6; 45 C; spectrophotometric p-nitrophenol; substrate blank; at least three technical replicates","Table 1 dash remains undefined; exact enzyme amount and analytical LOD unavailable",Results - Enzymatic characteristics of BglM-G1; Table 1,https://doi.org/10.1038/s42003-018-0167-7,"No exact source-observation match established in scoped current BRENDA/SABIO-RK queries; nearest indexed substrate strings are L-configured analogs; no global absence claim (Q144)"
NP006,J044,"H75R variant","p-nitrophenyl-alpha-D-arabinofuranoside","Table cell: –; nearby Results statement is scoped to the BglM-G1 subsection and does not explicitly assign this outcome to H75R",table cell,ambiguous_cell,ambiguous_table_symbol,"2 mM; 50 mM sodium citrate pH 6; 45 C; spectrophotometric p-nitrophenol; substrate blank; at least three technical replicates","Dash meaning, per-cell enzyme amount, and LOD unresolved; later statement of comparable specificity is not cell-specific",Table 1,https://doi.org/10.1038/s42003-018-0167-7,no database crosswalk attempted
NP007,J044,"BglM-G1 wild type","p-nitrophenyl-alpha-D-rhamnopyranoside","No activity detected; explicit Results statement for tested alpha-glycosidic substrates in the BglM-G1 subsection",paragraph-level panel statement mapped to tested substrate,confirmed_negative,qualitative_no_detect,"2 mM; 50 mM sodium citrate pH 6; 45 C; spectrophotometric p-nitrophenol; substrate blank; at least three technical replicates","Table 1 dash remains undefined; exact enzyme amount and analytical LOD unavailable",Results - Enzymatic characteristics of BglM-G1; Table 1,https://doi.org/10.1038/s42003-018-0167-7,"No exact source-observation match established in scoped current BRENDA/SABIO-RK queries; nearest indexed substrate strings are L-configured analogs; no global absence claim (Q144)"
NP008,J044,"H75R variant","p-nitrophenyl-alpha-D-rhamnopyranoside","Table cell: –; nearby Results statement is scoped to the BglM-G1 subsection and does not explicitly assign this outcome to H75R",table cell,ambiguous_cell,ambiguous_table_symbol,"2 mM; 50 mM sodium citrate pH 6; 45 C; spectrophotometric p-nitrophenol; substrate blank; at least three technical replicates","Dash meaning, per-cell enzyme amount, and LOD unresolved; later statement of comparable specificity is not cell-specific",Table 1,https://doi.org/10.1038/s42003-018-0167-7,no database crosswalk attempted
NP009,J037,"BAE87008.1 / Q25BW5 BGL1A",cellobiose,"<0.1; background conversion threshold 0.1",condition-level source-table cell,confirmed_negative,censored_below_threshold,"NIMS; pH 5; 60 C; reported three biological replicates","Full assay detection limit and replicate-level values not available in this summary table",Heins SI Table 2 row 32 column E,https://doi.org/10.1021/cb500244v.s003,"BRENDA has a same-entity/substrate qualitative negative comment but does not establish coverage of this condition-specific Heins observation"
NP010,J037,"BAE87008.1 / Q25BW5 BGL1A",cellobiose,"<0.1; background conversion threshold 0.1",condition-level source-table cell,confirmed_negative,censored_below_threshold,"NIMS; pH 5; 80 C; reported three biological replicates","Full assay detection limit and replicate-level values not available in this summary table",Heins SI Table 2 row 33 column E,https://doi.org/10.1021/cb500244v.s003,"BRENDA has a same-entity/substrate qualitative negative comment but does not establish coverage of this condition-specific Heins observation"
NP011,J037,"BAE87008.1 / Q25BW5 BGL1A",cellobiose,"<0.1; background conversion threshold 0.1",condition-level source-table cell,confirmed_negative,censored_below_threshold,"NIMS; pH 5; 90 C; reported three biological replicates","Full assay detection limit and replicate-level values not available in this summary table",Heins SI Table 2 row 34 column E,https://doi.org/10.1021/cb500244v.s003,"BRENDA has a same-entity/substrate qualitative negative comment but does not establish coverage of this condition-specific Heins observation"
NP012,J037,"BAE87008.1 / Q25BW5 BGL1A",cellobiose,"<0.1; background conversion threshold 0.1",condition-level source-table cell,confirmed_negative,censored_below_threshold,"NIMS; pH 8; 60 C; reported three biological replicates","Full assay detection limit and replicate-level values not available in this summary table",Heins SI Table 2 row 36 column E,https://doi.org/10.1021/cb500244v.s003,"BRENDA has a same-entity/substrate qualitative negative comment but does not establish coverage of this condition-specific Heins observation"
NP013,J037,"BAE87008.1 / Q25BW5 BGL1A",cellobiose,"<0.1; background conversion threshold 0.1",condition-level source-table cell,confirmed_negative,censored_below_threshold,"NIMS; pH 8; 80 C; reported three biological replicates","Full assay detection limit and replicate-level values not available in this summary table",Heins SI Table 2 row 37 column E,https://doi.org/10.1021/cb500244v.s003,"BRENDA has a same-entity/substrate qualitative negative comment but does not establish coverage of this condition-specific Heins observation"
NP014,J037,"BAE87008.1 / Q25BW5 BGL1A",cellobiose,"<0.1; background conversion threshold 0.1",condition-level source-table cell,confirmed_negative,censored_below_threshold,"NIMS; pH 8; 90 C; reported three biological replicates","Full assay detection limit and replicate-level values not available in this summary table",Heins SI Table 2 row 38 column E,https://doi.org/10.1021/cb500244v.s003,"BRENDA has a same-entity/substrate qualitative negative comment but does not establish coverage of this condition-specific Heins observation"
NP015,J044,"BglM-G1 Results subsection; tested alpha-glycosidic substrates","tested substrates containing alpha-glycosidic bonds","No activity detected against any tested substrates containing alpha-glycosidic bonds",class-level author statement,source_claim_only,qualitative_no_detect,"Substrate-specificity panel; 2 mM substrate; pH 6.0 citrate; 45 C; full panel conditions in Methods","The explicit statement is scoped to the BglM-G1 subsection; it does not resolve H75R-specific dashes, exact enzyme amount, or per-substrate LOD",Results - Enzymatic characteristics of BglM-G1,https://doi.org/10.1038/s42003-018-0167-7,no database crosswalk attempted
