record_id,paper_id,result_status,entity_substrate_mapping,source_locator,assay_readout,pH_temperature,substrate_concentration,enzyme_amount_or_concentration,reaction_duration,replicate_count,controls_or_background,reported_threshold,analytical_LOD,raw_replicate_values,context_assessment,notes
NP001,J043,confirmed_negative,record-level,Table 1 + Results,A405 spectrophotometry,pH 6; 40 C,10 mM,25 ug,1 h,triplicate,almond beta-glucosidase positive + empty-vector E. coli negative,no analytical threshold reported,not reported,not in audited public article/table,high core-context / incomplete raw evidence,Relative activity 0; keep substrate-specific and do not interpret as absolute zero
NP002,J043,confirmed_negative,record-level,Table 1 + Results,A405 spectrophotometry,pH 6; 40 C,10 mM,25 ug,1 h,triplicate,almond beta-glucosidase positive + empty-vector E. coli negative,no analytical threshold reported,not reported,not in audited public article/table,high core-context / incomplete raw evidence,Relative activity 0; keep substrate-specific and do not interpret as absolute zero
NP003,J043,confirmed_negative,record-level,Figure 3 + Results,TLC,pH 6; 40 C,1 mM,50 ug,2/4/6/24/48/96 h; no hydrolysis at 96 h,triplicate,almond beta-glucosidase positive + empty-vector E. coli negative,no TLC detection threshold reported,not reported,not in audited public article/table,high core-context / incomplete raw evidence,Qualitative no-hydrolysis at the longest reported timepoint; no numerical LOD
NP004,J043,confirmed_negative,record-level,Figure 3 + Results,TLC,pH 6; 40 C,1 mM,50 ug,2/4/6/24/48/96 h; no hydrolysis at 96 h,triplicate,almond beta-glucosidase positive + empty-vector E. coli negative,no TLC detection threshold reported,not reported,not in audited public article/table,high core-context / incomplete raw evidence,Qualitative no-hydrolysis at the longest reported timepoint; no numerical LOD
NP005,J044,ambiguous_table_symbol,cell identity known / symbol-to-outcome unresolved,Table 1,substrate-specificity spectrophotometric p-nitrophenol assay,pH 6; 45 C,2 mM,per-cell amount unresolved (paper gives 2.0-207.0 pmol range),duration not recovered,at least 3 technical replicates,substrate blank,dash meaning unresolved,not reported,not reported,partial protocol / outcome remains ambiguous,Do not count as confirmed negative; separate class-level no-detect statement is NP015
NP006,J044,ambiguous_table_symbol,cell identity known / symbol-to-outcome unresolved,Table 1,substrate-specificity spectrophotometric p-nitrophenol assay,pH 6; 45 C,2 mM,per-cell amount unresolved (paper gives 2.0-207.0 pmol range),duration not recovered,at least 3 technical replicates,substrate blank,dash meaning unresolved,not reported,not reported,partial protocol / outcome remains ambiguous,Do not count as confirmed negative; separate class-level no-detect statement is NP015
NP007,J044,ambiguous_table_symbol,cell identity known / symbol-to-outcome unresolved,Table 1,substrate-specificity spectrophotometric p-nitrophenol assay,pH 6; 45 C,2 mM,per-cell amount unresolved (paper gives 2.0-207.0 pmol range),duration not recovered,at least 3 technical replicates,substrate blank,dash meaning unresolved,not reported,not reported,partial protocol / outcome remains ambiguous,Do not count as confirmed negative; separate class-level no-detect statement is NP015
NP008,J044,ambiguous_table_symbol,cell identity known / symbol-to-outcome unresolved,Table 1,substrate-specificity spectrophotometric p-nitrophenol assay,pH 6; 45 C,2 mM,per-cell amount unresolved (paper gives 2.0-207.0 pmol range),duration not recovered,at least 3 technical replicates,substrate blank,dash meaning unresolved,not reported,not reported,partial protocol / outcome remains ambiguous,Do not count as confirmed negative; separate class-level no-detect statement is NP015
NP009,J037,confirmed_negative,record-level,Supplementary Table 2 row 32 col E,NIMS conversion readout,pH 5; 60 C,20 uM,20 ng/uL final,2 x 10 min,3 biological replicates,negative-control-derived background threshold 0.1,<0.1 conversion,full analytical LOD not reported,individual values not in audited Supplementary Table 2,high core-context / incomplete raw evidence,Condition-specific censored observation; not numeric zero
NP010,J037,confirmed_negative,record-level,Supplementary Table 2 row 33 col E,NIMS conversion readout,pH 5; 80 C,20 uM,20 ng/uL final,2 x 10 min,3 biological replicates,negative-control-derived background threshold 0.1,<0.1 conversion,full analytical LOD not reported,individual values not in audited Supplementary Table 2,high core-context / incomplete raw evidence,Condition-specific censored observation; not numeric zero
NP011,J037,confirmed_negative,record-level,Supplementary Table 2 row 34 col E,NIMS conversion readout,pH 5; 90 C,20 uM,20 ng/uL final,2 x 10 min,3 biological replicates,negative-control-derived background threshold 0.1,<0.1 conversion,full analytical LOD not reported,individual values not in audited Supplementary Table 2,high core-context / incomplete raw evidence,Condition-specific censored observation; not numeric zero
NP012,J037,confirmed_negative,record-level,Supplementary Table 2 row 36 col E,NIMS conversion readout,pH 8; 60 C,20 uM,20 ng/uL final,2 x 10 min,3 biological replicates,negative-control-derived background threshold 0.1,<0.1 conversion,full analytical LOD not reported,individual values not in audited Supplementary Table 2,high core-context / incomplete raw evidence,Condition-specific censored observation; not numeric zero
NP013,J037,confirmed_negative,record-level,Supplementary Table 2 row 37 col E,NIMS conversion readout,pH 8; 80 C,20 uM,20 ng/uL final,2 x 10 min,3 biological replicates,negative-control-derived background threshold 0.1,<0.1 conversion,full analytical LOD not reported,individual values not in audited Supplementary Table 2,high core-context / incomplete raw evidence,Condition-specific censored observation; not numeric zero
NP014,J037,confirmed_negative,record-level,Supplementary Table 2 row 38 col E,NIMS conversion readout,pH 8; 90 C,20 uM,20 ng/uL final,2 x 10 min,3 biological replicates,negative-control-derived background threshold 0.1,<0.1 conversion,full analytical LOD not reported,individual values not in audited Supplementary Table 2,high core-context / incomplete raw evidence,Condition-specific censored observation; not numeric zero
