evidence_id,title,year,domain,directness,claim_supported,study_design,key_result,limitation,doi_or_url,local_copy,status
P3-001,"Machine-learning-assisted materials discovery using failed experiments",2016,"materials synthesis",direct,"failed experiments can improve experimental decision models","3955 complete notebook reactions plus prospective validation","model trained with dark reactions guided experiments and the selected prospective experiments achieved a high reported success rate","single materials system; source data were not literature-recovered",https://doi.org/10.1038/nature17439,,verified
P3-002,"Target prediction utilising negative bioactivity data covering large chemical space",2015,"bioactivity target prediction",direct,"negative-inclusive target prediction can outperform an active-only comparator in the reported setting; independent benefit of experimentally measured negatives remains unproven","fivefold CV plus external WOMBAT evaluation; compare PubChem inactive + ChEMBL sphere-exclusion presumed negatives against ChEMBL active-only model","reported external mean PR-AUC 0.56 vs 0.45 and BEDROC 0.85 vs 0.76; paired Wilcoxon p=4.96e-05 and 7.08e-08; for 20 targets with >1000 confirmed inactives, adding sphere-exclusion samples improved WOMBAT precision in 19","training negative class mixes PubChem author-annotated assay inactives and ~11M presumed negatives; active-only model uses a different data composition; WOMBAT has no confirmed inactive labels and treats unannotated target pairs as inactive, so causal attribution to measured negatives is confounded",https://doi.org/10.1186/s13321-015-0098-y,papers/Mervin_2015_negative_bioactivity.pdf,verified
P3-003,"Negative chemical data boosts language models in reaction outcome prediction",2025,"reaction outcome prediction",adjacent,"a specialized reinforcement-learning pipeline can benefit from negative reaction outcomes in low-positive regimes; does not establish independent value for target-specific bioactivity negatives","RegioSQM controlled set (22 vs 220 positive training reactions, 748 negatives) and real HiTEA HTE set; five random splits plus different initializations","RegioSQM low-data RL improves positive accuracy versus fine-tuning and sustains USPTO performance; HiTEA low-data validation positive accuracy 0.644±0.015 versus 0.610±0.018 for fine-tuning, maximum 0.668 vs 0.628; top-10 test 0.441 vs 0.427. Full-positive setting also improves modestly (0.891±0.001 vs 0.877±0.001)","Specific RL + learned reward method, not a generic negative-data ablation. RegioSQM negatives are synthetically generated incorrect regioisomers, not failed wet-lab experiments. In HiTEA negatives are defined by measured yield ≤1%, but only 9/130 high-yield products have a negative-yield counterpart from identical reactants; threshold is used to show method applicability and low nonzero yields are not modeled continuously. Reaction prediction, not molecule-target bioactivity or literature recovery; authors note split instability and need more seeds/hyperparameter analysis",https://doi.org/10.1126/sciadv.adt5578,papers/Toniato_2025_negative_reaction_data.pdf,full-text-audited
P3-004,"InertDB as a generative AI-expanded resource of biologically inactive small molecules from PubChem",2025,"bioactivity classification",partial,"negative source and chemical-space alignment affect downstream results; improvement over existing measured benchmark negatives is not consistent","same-test LIT-PCBA/MUV comparisons versus PubChem/ZINC random negatives and DeepCoy; separate replacement comparison with benchmark verified inactives","CIC/GIC beat random-source negatives or DeepCoy in some settings; replacing benchmark inactives had no significant LIT-PCBA effect (CIC p=.52, GIC p=.85) and a small MUV CIC gain (p=.0032)","CIC are broadly curated from PubChem rather than necessarily target-assay-specific; GIC are generated, not observed. ECFP4/RF and random holdouts do not establish temporal/assay-OOD or calibration benefit",https://doi.org/10.1186/s13321-025-00999-1,../01_problem_exists/papers/An_2025_InertDB.pdf,full-text-audited
P3-008,"How to Achieve Better Results Using PASS-Based Virtual Screening: Case Study for Kinase Inhibitors",2018,"kinase target prediction",partial,"target-specific measured active/inactive labels generally outperform cross-target merging that treats untested compounds as conditionally inactive, with exceptions","152 human kinases; ChEMBL20 training; target-specific measured I-sets versus merged active/conditional-inactive MAI and active-only MA; ChEMBL23 external compound-target validation","I-sets generally outperformed MAI/MA in classification and BEDROC; 13 kinases favored merged sets for early recognition","does not isolate same-target incremental benefit of adding measured inactives; target aggregation and label semantics change together; PASS/MNA-specific",https://doi.org/10.3389/fchem.2018.00133,,full-text-audited
P3-009,"Target prediction utilising negative bioactivity data covering large chemical space",2015,"molecular target prediction",partial,"negative-inclusive target prediction can improve metrics relative to an active-only baseline","PubChem measured inactive plus ChEMBL sphere-exclusion presumed negatives compared with ChEMBL-active-only models; external WOMBAT evaluation","external WOMBAT mean PR-AUC .56 vs .45 and BEDROC .85 vs .76 reported","does not isolate experimental inactive contribution: negative labels mix observed and presumed negatives, training sources/sample composition differ, WOMBAT unannotated pairs treated as inactive",https://doi.org/10.1186/s13321-015-0098-y,,full-text-audited
P3-010,"Inactive-enriched machine-learning models exploiting patent data improve structure-based virtual screening for PDL1 dimerizers",2024,"PD-L1 structure-based virtual screening",partial,"inactive-enriched scoring functions strongly outperform actives-only in one docking task; true inactives do not consistently outperform much larger random decoys","Same patent active sets; PubChem AID 2316 assay inactives, DeepCoy decoys, random ZINC decoys, active-only; separate TrueInactives and DeepCoy holdout test sets","Inactive-enriched models greatly outperform active-only; true-inactive training not significantly better than much larger random-decoy training; increasing random decoy quantity improved SBVS on true-inactive test","single target and docking-derived 3D representations; inactive counts vary greatly; active-only classification is a high/low potency split, so effect cannot be isolated to experimental negative status or generalized to ligand-only QSAR",https://doi.org/10.1016/j.jare.2024.01.024,,full-text-audited
P3-005,"Hidden bias in the DUD-E dataset leads to misleading performance of deep learning in structure-based virtual screening",2019,"virtual screening",direct,"negative construction can create spurious model gains","CNN structure-based tests plus ligand-topology controls","showed that strong scores can be driven by analogue and decoy bias","negative evidence about benchmark validity rather than a positive utility result",https://doi.org/10.1371/journal.pone.0220113,papers/Chen_2019_DUDE_hidden_bias.pdf,verified
P3-006,"DEEPScreen: high performance drug-target interaction prediction with convolutional neural networks using 2-D structural compound representations",2020,"drug-target interaction",partial,"measured inactive records and leakage-aware splits are feasible baselines","target-specific ChEMBL datasets with scaffold or temporal evaluation","explicitly analyzed negative selection bias and compared non-random evaluations","does not isolate the effect of literature-recovered context-rich negatives",https://doi.org/10.1039/C9SC03414E,papers/Rifaioglu_2020_DEEPScreen.pdf,verified
P3-007,"Benchmarking compound activity prediction for real-world drug discovery applications",2024,"bioactivity benchmark",contextual,"downstream gains must be tested at assay level","CARA zero-shot few-shot virtual-screening and lead-optimization tasks","demonstrates that task setting and assay structure change measured performance","benchmark does not test recovered negative evidence",https://doi.org/10.1038/s42004-024-01204-4,papers/Tian_2024_CARA.pdf,verified
P3-011,"Enzyme promiscuity prediction using hierarchy-informed multi-label classification",2021,"enzyme substrate promiscuity prediction",adjacent-direct,"For a BRENDA enzyme-molecule compatibility task, does explicit known-inhibitor supervision outperform treating the same inhibitor observations as unlabeled?","25,872 BRENDA substrate-positive and 13,087 inhibitor interactions across 983 EC numbers; same inhibitor compounds are similarity-weighted unlabeled without inhibitor supervision or explicitly labeled as inhibitors; random/realistic splits, inhibitor/unlabeled test sets; EPP-HMCNF with versus without inhibitor supervision","On reduced data under realistic split, EPP-HMCNF AUROC 0.849 to 0.857, AP 0.131 to 0.149, and R-PREC 0.111 to 0.126 after inhibitor supervision","Same-record supervision comparison suggests utility beyond simply adding new molecules, but inhibitors are not experimentally confirmed non-substrate pairs; task/model-specific, not independently rerun, and does not test historical literature-recovered no-detect records",https://doi.org/10.1093/bioinformatics/btab054,,full-text-audited
P3-012,"Extremely Randomized Machine Learning Methods for Compound Activity Prediction",2015,"seven-target small-molecule activity classification",contextual,"Does benchmark performance change when the negative class uses target-specific ChEMBL threshold-inactives, DUD decoys, or both?","Same seven targets, six fingerprints and four classifier families; compare actives-vs-true-inactives, actives-vs-DUD 1/2 and mixed true-inactives+DUD; ChEMBL thresholds Ki/IC50 for active and inactive classes","Table 5 best-fingerprint BAC is approximately 0.875–0.919 on measured-inactive sets, 0.899–0.967 on mixed sets, and 0.996–1.000 on DUD-decoy sets","Shows substantial benchmark difficulty/source sensitivity and warns against treating decoy performance as assay-negative performance; not a matched-size negative-source ablation and does not show incremental value from adding measured inactives",https://doi.org/10.3390/molecules201119679,research/sources/negative-model-utility/Czarnecki-2015-measured-inactives-vs-decoys.pdf,full-text-audited
