query_id,term,scope,reference_field_hits,status,query_url,release_note
doi_full_database,10.1021/cb500244v,complete_database,0,no_hits,https://www.brenda-enzymes.org/fulltext.php?Searchterm=10.1021%2Fcb500244v&stype=2&compl_db=on,BRENDA website identifies release 2026.1 (March 2026)
doi_reference_field,10.1021/cb500244v,reference,0,no_hits,https://www.brenda-enzymes.org/fulltext.php?Searchterm=10.1021%2Fcb500244v&stype=2&tables%5B%5D=30,BRENDA website identifies release 2026.1 (March 2026)
doi_suffix_reference_field,cb500244v,reference,0,no_hits,https://www.brenda-enzymes.org/fulltext.php?Searchterm=cb500244v&stype=2&tables%5B%5D=30,BRENDA website identifies release 2026.1 (March 2026)
pmid_reference_field,25046136,reference,0,no_hits,https://www.brenda-enzymes.org/fulltext.php?Searchterm=25046136&stype=2&tables%5B%5D=30,BRENDA website identifies release 2026.1 (March 2026)
title_lead_reference_field,Phylogenomically Guided Identification,reference,0,no_hits,https://www.brenda-enzymes.org/fulltext.php?Searchterm=Phylogenomically+Guided+Identification&stype=2&tables%5B%5D=30,BRENDA website identifies release 2026.1 (March 2026)
title_method_reference_field,DNA Synthesis and Nanostructure-Initiator Mass Spectrometry,reference,0,no_hits,https://www.brenda-enzymes.org/fulltext.php?Searchterm=DNA+Synthesis+and+Nanostructure-Initiator+Mass+Spectrometry&stype=2&tables%5B%5D=30,BRENDA website identifies release 2026.1 (March 2026)
author_year_reference_field,Heins et al. 2014,reference,0,no_hits,https://www.brenda-enzymes.org/fulltext.php?Searchterm=Heins+et+al.+2014&stype=2&tables%5B%5D=30,BRENDA website identifies release 2026.1 (March 2026)
author_fullname_reference_field,Katherine Heins,reference,0,no_hits,https://www.brenda-enzymes.org/fulltext.php?Searchterm=Katherine+Heins&stype=2&tables%5B%5D=30,BRENDA website identifies release 2026.1 (March 2026)
author_surname_reference_field,Heins,reference,17,field_hits,https://www.brenda-enzymes.org/fulltext.php?Searchterm=Heins&stype=2&tables%5B%5D=30,BRENDA website identifies release 2026.1 (March 2026)
boolean_author_year_reference_field,Heins AND 2014,reference_boolean,0,no_hits,https://www.brenda-enzymes.org/fulltext.php?Searchterm=Heins+AND+2014&stype=6&tables%5B%5D=30,BRENDA website identifies release 2026.1 (March 2026)
boolean_author_family_reference_field,Heins AND GH1,reference_boolean,0,no_hits,https://www.brenda-enzymes.org/fulltext.php?Searchterm=Heins+AND+GH1&stype=6&tables%5B%5D=30,BRENDA website identifies release 2026.1 (March 2026)
boolean_author_assay_reference_field,Heins AND NIMS,reference_boolean,0,no_hits,https://www.brenda-enzymes.org/fulltext.php?Searchterm=Heins+AND+NIMS&stype=6&tables%5B%5D=30,BRENDA website identifies release 2026.1 (March 2026)
author_initials_reference_field,Heins K M,reference,0,no_hits,https://www.brenda-enzymes.org/fulltext.php?Searchterm=Heins+K+M&stype=2&tables%5B%5D=30,BRENDA website identifies release 2026.1 (March 2026)
boolean_author_function_reference_field,Heins AND glycosidase,reference_boolean,0,no_hits,https://www.brenda-enzymes.org/fulltext.php?Searchterm=Heins+AND+glycosidase&stype=6&tables%5B%5D=30,BRENDA website identifies release 2026.1 (March 2026)
