protein_accession_species,ncbi_accession,substrate,explicit_below_background_condition_cells,distinct_pH_temperature_conditions,conditions_pH_C,source_article_doi,source_supplement_doi
AAA22264.1_Paenibacillus-polymyxa,AAA22264.1,cellobiose,7,7,5/40;5/60;5/80;5/90;8/60;8/80;8/90,10.1021/cb500244v,10.1021/cb500244v.s003
AAA22264.1_Paenibacillus-polymyxa,AAA22264.1,lactose,7,7,5/40;5/60;5/80;5/90;8/60;8/80;8/90,10.1021/cb500244v,10.1021/cb500244v.s003
AAA22264.1_Paenibacillus-polymyxa,AAA22264.1,xylobiose,8,8,5/40;5/60;5/80;5/90;8/40;8/60;8/80;8/90,10.1021/cb500244v,10.1021/cb500244v.s003
AAA22266.1_Bacillus-circulans-subsp.-alkalophilus,AAA22266.1,cellobiose,8,8,5/40;5/60;5/80;5/90;8/40;8/60;8/80;8/90,10.1021/cb500244v,10.1021/cb500244v.s003
AAA22266.1_Bacillus-circulans-subsp.-alkalophilus,AAA22266.1,lactose,8,8,5/40;5/60;5/80;5/90;8/40;8/60;8/80;8/90,10.1021/cb500244v,10.1021/cb500244v.s003
AAA22266.1_Bacillus-circulans-subsp.-alkalophilus,AAA22266.1,xylobiose,8,8,5/40;5/60;5/80;5/90;8/40;8/60;8/80;8/90,10.1021/cb500244v,10.1021/cb500244v.s003
AAA72843.1_Sulfolobus-solfataricus,AAA72843.1,cellobiose,1,1,8/90,10.1021/cb500244v,10.1021/cb500244v.s003
AAA72843.1_Sulfolobus-solfataricus,AAA72843.1,lactose,1,1,8/90,10.1021/cb500244v,10.1021/cb500244v.s003
AAA72843.1_Sulfolobus-solfataricus,AAA72843.1,xylobiose,2,2,5/90;8/90,10.1021/cb500244v,10.1021/cb500244v.s003
AAF36392.1_Thermus-nonproteolyticus,AAF36392.1,xylobiose,8,8,5/40;5/60;5/80;5/90;8/40;8/60;8/80;8/90,10.1021/cb500244v,10.1021/cb500244v.s003
AAF37730.1_Thermobifida-fusca,AAF37730.1,cellobiose,4,4,5/80;5/90;8/80;8/90,10.1021/cb500244v,10.1021/cb500244v.s003
AAF37730.1_Thermobifida-fusca,AAF37730.1,lactose,4,4,5/80;5/90;8/80;8/90,10.1021/cb500244v,10.1021/cb500244v.s003
AAF37730.1_Thermobifida-fusca,AAF37730.1,xylobiose,8,8,5/40;5/60;5/80;5/90;8/40;8/60;8/80;8/90,10.1021/cb500244v,10.1021/cb500244v.s003
AAK78365.1_Clostridium-acetobutylicum-ATCC-824,AAK78365.1,cellobiose,8,8,5/40;5/60;5/80;5/90;8/40;8/60;8/80;8/90,10.1021/cb500244v,10.1021/cb500244v.s003
AAK78365.1_Clostridium-acetobutylicum-ATCC-824,AAK78365.1,lactose,8,8,5/40;5/60;5/80;5/90;8/40;8/60;8/80;8/90,10.1021/cb500244v,10.1021/cb500244v.s003
AAK78365.1_Clostridium-acetobutylicum-ATCC-824,AAK78365.1,xylobiose,8,8,5/40;5/60;5/80;5/90;8/40;8/60;8/80;8/90,10.1021/cb500244v,10.1021/cb500244v.s003
AAL81332.1_Pyrococcus-furiosus-DSM-3638,AAL81332.1,xylobiose,8,8,5/40;5/60;5/80;5/90;8/40;8/60;8/80;8/90,10.1021/cb500244v,10.1021/cb500244v.s003
AAP57758.1_Trichoderma-reesei,AAP57758.1,cellobiose,8,8,5/40;5/60;5/80;5/90;8/40;8/60;8/80;8/90,10.1021/cb500244v,10.1021/cb500244v.s003
AAP57758.1_Trichoderma-reesei,AAP57758.1,lactose,8,8,5/40;5/60;5/80;5/90;8/40;8/60;8/80;8/90,10.1021/cb500244v,10.1021/cb500244v.s003
AAP57758.1_Trichoderma-reesei,AAP57758.1,xylobiose,8,8,5/40;5/60;5/80;5/90;8/40;8/60;8/80;8/90,10.1021/cb500244v,10.1021/cb500244v.s003
AAQ00997.1_Clostridium-cellulovorans,AAQ00997.1,cellobiose,1,1,8/90,10.1021/cb500244v,10.1021/cb500244v.s003
AAQ00997.1_Clostridium-cellulovorans,AAQ00997.1,xylobiose,8,8,5/40;5/60;5/80;5/90;8/40;8/60;8/80;8/90,10.1021/cb500244v,10.1021/cb500244v.s003
AAT59229.1_Bacillus-thuringiensis-serovar-konkukian-str.-97-27,AAT59229.1,cellobiose,8,8,5/40;5/60;5/80;5/90;8/40;8/60;8/80;8/90,10.1021/cb500244v,10.1021/cb500244v.s003
AAT59229.1_Bacillus-thuringiensis-serovar-konkukian-str.-97-27,AAT59229.1,lactose,8,8,5/40;5/60;5/80;5/90;8/40;8/60;8/80;8/90,10.1021/cb500244v,10.1021/cb500244v.s003
AAT59229.1_Bacillus-thuringiensis-serovar-konkukian-str.-97-27,AAT59229.1,xylobiose,8,8,5/40;5/60;5/80;5/90;8/40;8/60;8/80;8/90,10.1021/cb500244v,10.1021/cb500244v.s003
AAU43012.1_Bacillus-licheniformis-DSM-13-=-ATCC-14580,AAU43012.1,cellobiose,8,8,5/40;5/60;5/80;5/90;8/40;8/60;8/80;8/90,10.1021/cb500244v,10.1021/cb500244v.s003
AAU43012.1_Bacillus-licheniformis-DSM-13-=-ATCC-14580,AAU43012.1,lactose,8,8,5/40;5/60;5/80;5/90;8/40;8/60;8/80;8/90,10.1021/cb500244v,10.1021/cb500244v.s003
AAU43012.1_Bacillus-licheniformis-DSM-13-=-ATCC-14580,AAU43012.1,xylobiose,8,8,5/40;5/60;5/80;5/90;8/40;8/60;8/80;8/90,10.1021/cb500244v,10.1021/cb500244v.s003
AAU92142.1_Methylococcus-capsulatus-str.-Bath,AAU92142.1,cellobiose,8,8,5/40;5/60;5/80;5/90;8/40;8/60;8/80;8/90,10.1021/cb500244v,10.1021/cb500244v.s003
AAU92142.1_Methylococcus-capsulatus-str.-Bath,AAU92142.1,lactose,8,8,5/40;5/60;5/80;5/90;8/40;8/60;8/80;8/90,10.1021/cb500244v,10.1021/cb500244v.s003
AAU92142.1_Methylococcus-capsulatus-str.-Bath,AAU92142.1,xylobiose,8,8,5/40;5/60;5/80;5/90;8/40;8/60;8/80;8/90,10.1021/cb500244v,10.1021/cb500244v.s003
AAY81155.1_Sulfolobus-acidocaldarius-DSM-639,AAY81155.1,cellobiose,2,2,5/90;8/90,10.1021/cb500244v,10.1021/cb500244v.s003
AAY81155.1_Sulfolobus-acidocaldarius-DSM-639,AAY81155.1,lactose,2,2,5/90;8/90,10.1021/cb500244v,10.1021/cb500244v.s003
AAY81155.1_Sulfolobus-acidocaldarius-DSM-639,AAY81155.1,xylobiose,8,8,5/40;5/60;5/80;5/90;8/40;8/60;8/80;8/90,10.1021/cb500244v,10.1021/cb500244v.s003
AAZ81839.1_Alicyclobacillus-acidocaldarius,AAZ81839.1,cellobiose,2,2,5/90;8/90,10.1021/cb500244v,10.1021/cb500244v.s003
AAZ81839.1_Alicyclobacillus-acidocaldarius,AAZ81839.1,lactose,2,2,5/90;8/90,10.1021/cb500244v,10.1021/cb500244v.s003
AAZ81839.1_Alicyclobacillus-acidocaldarius,AAZ81839.1,xylobiose,5,5,5/80;5/90;8/40;8/80;8/90,10.1021/cb500244v,10.1021/cb500244v.s003
ABC33525.1_Hahella-chejuensis-KCTC-2396,ABC33525.1,cellobiose,5,5,5/80;5/90;8/60;8/80;8/90,10.1021/cb500244v,10.1021/cb500244v.s003
ABC33525.1_Hahella-chejuensis-KCTC-2396,ABC33525.1,lactose,5,5,5/80;5/90;8/60;8/80;8/90,10.1021/cb500244v,10.1021/cb500244v.s003
ABC33525.1_Hahella-chejuensis-KCTC-2396,ABC33525.1,xylobiose,8,8,5/40;5/60;5/80;5/90;8/40;8/60;8/80;8/90,10.1021/cb500244v,10.1021/cb500244v.s003
ABC92395.1_Rhizobium-etli-CFN-42,ABC92395.1,cellobiose,8,8,5/40;5/60;5/80;5/90;8/40;8/60;8/80;8/90,10.1021/cb500244v,10.1021/cb500244v.s003
ABC92395.1_Rhizobium-etli-CFN-42,ABC92395.1,lactose,8,8,5/40;5/60;5/80;5/90;8/40;8/60;8/80;8/90,10.1021/cb500244v,10.1021/cb500244v.s003
ABC92395.1_Rhizobium-etli-CFN-42,ABC92395.1,xylobiose,8,8,5/40;5/60;5/80;5/90;8/40;8/60;8/80;8/90,10.1021/cb500244v,10.1021/cb500244v.s003
ABD80656.1_Saccharophagus-degradans-2-40,ABD80656.1,cellobiose,6,6,5/60;5/80;5/90;8/60;8/80;8/90,10.1021/cb500244v,10.1021/cb500244v.s003
ABD80656.1_Saccharophagus-degradans-2-40,ABD80656.1,lactose,6,6,5/60;5/80;5/90;8/60;8/80;8/90,10.1021/cb500244v,10.1021/cb500244v.s003
ABD80656.1_Saccharophagus-degradans-2-40,ABD80656.1,xylobiose,8,8,5/40;5/60;5/80;5/90;8/40;8/60;8/80;8/90,10.1021/cb500244v,10.1021/cb500244v.s003
ABD82858.1_Saccharophagus-degradans-2-40,ABD82858.1,cellobiose,5,5,5/60;5/80;5/90;8/80;8/90,10.1021/cb500244v,10.1021/cb500244v.s003
ABD82858.1_Saccharophagus-degradans-2-40,ABD82858.1,lactose,5,5,5/60;5/80;5/90;8/80;8/90,10.1021/cb500244v,10.1021/cb500244v.s003
ABD82858.1_Saccharophagus-degradans-2-40,ABD82858.1,xylobiose,8,8,5/40;5/60;5/80;5/90;8/40;8/60;8/80;8/90,10.1021/cb500244v,10.1021/cb500244v.s003
ABF87202.1_Myxococcus-xanthus-DK-1622,ABF87202.1,cellobiose,6,6,5/60;5/80;5/90;8/60;8/80;8/90,10.1021/cb500244v,10.1021/cb500244v.s003
ABF87202.1_Myxococcus-xanthus-DK-1622,ABF87202.1,lactose,5,5,5/80;5/90;8/60;8/80;8/90,10.1021/cb500244v,10.1021/cb500244v.s003
ABF87202.1_Myxococcus-xanthus-DK-1622,ABF87202.1,xylobiose,8,8,5/40;5/60;5/80;5/90;8/40;8/60;8/80;8/90,10.1021/cb500244v,10.1021/cb500244v.s003
ABK51908.1_Acidothermus-cellulolyticus-11B,ABK51908.1,cellobiose,4,4,5/80;5/90;8/80;8/90,10.1021/cb500244v,10.1021/cb500244v.s003
ABK51908.1_Acidothermus-cellulolyticus-11B,ABK51908.1,lactose,4,4,5/80;5/90;8/80;8/90,10.1021/cb500244v,10.1021/cb500244v.s003
ABK51908.1_Acidothermus-cellulolyticus-11B,ABK51908.1,xylobiose,8,8,5/40;5/60;5/80;5/90;8/40;8/60;8/80;8/90,10.1021/cb500244v,10.1021/cb500244v.s003
ABK71329.1_Mycobacterium-smegmatis-str.-MC2-155,ABK71329.1,cellobiose,6,6,5/60;5/80;5/90;8/60;8/80;8/90,10.1021/cb500244v,10.1021/cb500244v.s003
ABK71329.1_Mycobacterium-smegmatis-str.-MC2-155,ABK71329.1,lactose,8,8,5/40;5/60;5/80;5/90;8/40;8/60;8/80;8/90,10.1021/cb500244v,10.1021/cb500244v.s003
ABK71329.1_Mycobacterium-smegmatis-str.-MC2-155,ABK71329.1,xylobiose,8,8,5/40;5/60;5/80;5/90;8/40;8/60;8/80;8/90,10.1021/cb500244v,10.1021/cb500244v.s003
ABP70047.1_Rhodobacter-sphaeroides-ATCC-17025,ABP70047.1,cellobiose,4,4,5/80;5/90;8/80;8/90,10.1021/cb500244v,10.1021/cb500244v.s003
ABP70047.1_Rhodobacter-sphaeroides-ATCC-17025,ABP70047.1,lactose,4,4,5/80;5/90;8/80;8/90,10.1021/cb500244v,10.1021/cb500244v.s003
ABP70047.1_Rhodobacter-sphaeroides-ATCC-17025,ABP70047.1,xylobiose,7,7,5/40;5/80;5/90;8/40;8/60;8/80;8/90,10.1021/cb500244v,10.1021/cb500244v.s003
ABS61401.1_Fervidobacterium-nodosum-Rt17-B1,ABS61401.1,lactose,1,1,8/90,10.1021/cb500244v,10.1021/cb500244v.s003
ABS61401.1_Fervidobacterium-nodosum-Rt17-B1,ABS61401.1,xylobiose,8,8,5/40;5/60;5/80;5/90;8/40;8/60;8/80;8/90,10.1021/cb500244v,10.1021/cb500244v.s003
ABS74298.1_Bacillus-amyloliquefaciens-FZB42,ABS74298.1,cellobiose,8,8,5/40;5/60;5/80;5/90;8/40;8/60;8/80;8/90,10.1021/cb500244v,10.1021/cb500244v.s003
ABS74298.1_Bacillus-amyloliquefaciens-FZB42,ABS74298.1,lactose,8,8,5/40;5/60;5/80;5/90;8/40;8/60;8/80;8/90,10.1021/cb500244v,10.1021/cb500244v.s003
ABS74298.1_Bacillus-amyloliquefaciens-FZB42,ABS74298.1,xylobiose,8,8,5/40;5/60;5/80;5/90;8/40;8/60;8/80;8/90,10.1021/cb500244v,10.1021/cb500244v.s003
ABS75964.1_Bacillus-amyloliquefaciens-FZB42,ABS75964.1,cellobiose,8,8,5/40;5/60;5/80;5/90;8/40;8/60;8/80;8/90,10.1021/cb500244v,10.1021/cb500244v.s003
ABS75964.1_Bacillus-amyloliquefaciens-FZB42,ABS75964.1,lactose,8,8,5/40;5/60;5/80;5/90;8/40;8/60;8/80;8/90,10.1021/cb500244v,10.1021/cb500244v.s003
ABS75964.1_Bacillus-amyloliquefaciens-FZB42,ABS75964.1,xylobiose,8,8,5/40;5/60;5/80;5/90;8/40;8/60;8/80;8/90,10.1021/cb500244v,10.1021/cb500244v.s003
ABU56651.1_Roseiflexus-castenholzii-DSM-13941,ABU56651.1,cellobiose,4,4,5/40;5/90;8/40;8/90,10.1021/cb500244v,10.1021/cb500244v.s003
ABU56651.1_Roseiflexus-castenholzii-DSM-13941,ABU56651.1,lactose,4,4,5/40;5/90;8/40;8/90,10.1021/cb500244v,10.1021/cb500244v.s003
ABU56651.1_Roseiflexus-castenholzii-DSM-13941,ABU56651.1,xylobiose,8,8,5/40;5/60;5/80;5/90;8/40;8/60;8/80;8/90,10.1021/cb500244v,10.1021/cb500244v.s003
ABU77792.1_Cronobacter-sakazakii-ATCC-BAA-894,ABU77792.1,cellobiose,8,8,5/40;5/60;5/80;5/90;8/40;8/60;8/80;8/90,10.1021/cb500244v,10.1021/cb500244v.s003
ABU77792.1_Cronobacter-sakazakii-ATCC-BAA-894,ABU77792.1,lactose,8,8,5/40;5/60;5/80;5/90;8/40;8/60;8/80;8/90,10.1021/cb500244v,10.1021/cb500244v.s003
ABU77792.1_Cronobacter-sakazakii-ATCC-BAA-894,ABU77792.1,xylobiose,8,8,5/40;5/60;5/80;5/90;8/40;8/60;8/80;8/90,10.1021/cb500244v,10.1021/cb500244v.s003
ABV62413.1_Bacillus-pumilus-SAFR-032,ABV62413.1,cellobiose,8,8,5/40;5/60;5/80;5/90;8/40;8/60;8/80;8/90,10.1021/cb500244v,10.1021/cb500244v.s003
ABV62413.1_Bacillus-pumilus-SAFR-032,ABV62413.1,lactose,8,8,5/40;5/60;5/80;5/90;8/40;8/60;8/80;8/90,10.1021/cb500244v,10.1021/cb500244v.s003
ABV62413.1_Bacillus-pumilus-SAFR-032,ABV62413.1,xylobiose,8,8,5/40;5/60;5/80;5/90;8/40;8/60;8/80;8/90,10.1021/cb500244v,10.1021/cb500244v.s003
ABW01253.1_Caldivirga-maquilingensis-IC-167,ABW01253.1,cellobiose,1,1,5/40,10.1021/cb500244v,10.1021/cb500244v.s003
ABW01253.1_Caldivirga-maquilingensis-IC-167,ABW01253.1,lactose,1,1,5/40,10.1021/cb500244v,10.1021/cb500244v.s003
ABW01253.1_Caldivirga-maquilingensis-IC-167,ABW01253.1,xylobiose,2,2,5/40;8/40,10.1021/cb500244v,10.1021/cb500244v.s003
ABW01492.1_Caldivirga-maquilingensis-IC-167,ABW01492.1,lactose,5,5,5/40;8/40;8/60;8/80;8/90,10.1021/cb500244v,10.1021/cb500244v.s003
ABW01492.1_Caldivirga-maquilingensis-IC-167,ABW01492.1,xylobiose,8,8,5/40;5/60;5/80;5/90;8/40;8/60;8/80;8/90,10.1021/cb500244v,10.1021/cb500244v.s003
ABX31229.1_Petrotoga-mobilis-SJ95,ABX31229.1,cellobiose,3,3,5/90;8/60;8/90,10.1021/cb500244v,10.1021/cb500244v.s003
ABX31229.1_Petrotoga-mobilis-SJ95,ABX31229.1,lactose,3,3,5/60;5/90;8/90,10.1021/cb500244v,10.1021/cb500244v.s003
ABX31229.1_Petrotoga-mobilis-SJ95,ABX31229.1,xylobiose,6,6,5/40;5/90;8/40;8/60;8/80;8/90,10.1021/cb500244v,10.1021/cb500244v.s003
ABY33610.1_Chloroflexus-aurantiacus-J-10-fl,ABY33610.1,cellobiose,8,8,5/40;5/60;5/80;5/90;8/40;8/60;8/80;8/90,10.1021/cb500244v,10.1021/cb500244v.s003
ABY33610.1_Chloroflexus-aurantiacus-J-10-fl,ABY33610.1,lactose,8,8,5/40;5/60;5/80;5/90;8/40;8/60;8/80;8/90,10.1021/cb500244v,10.1021/cb500244v.s003
ABY33610.1_Chloroflexus-aurantiacus-J-10-fl,ABY33610.1,xylobiose,8,8,5/40;5/60;5/80;5/90;8/40;8/60;8/80;8/90,10.1021/cb500244v,10.1021/cb500244v.s003
ACF00459.1_Rhodopseudomonas-palustris-TIE-1,ACF00459.1,cellobiose,6,6,5/60;5/80;5/90;8/60;8/80;8/90,10.1021/cb500244v,10.1021/cb500244v.s003
ACF00459.1_Rhodopseudomonas-palustris-TIE-1,ACF00459.1,lactose,8,8,5/40;5/60;5/80;5/90;8/40;8/60;8/80;8/90,10.1021/cb500244v,10.1021/cb500244v.s003
ACF00459.1_Rhodopseudomonas-palustris-TIE-1,ACF00459.1,xylobiose,8,8,5/40;5/60;5/80;5/90;8/40;8/60;8/80;8/90,10.1021/cb500244v,10.1021/cb500244v.s003
ACJ34717.1_Anoxybacillus-flavithermus-WK1,ACJ34717.1,cellobiose,4,4,5/80;5/90;8/80;8/90,10.1021/cb500244v,10.1021/cb500244v.s003
ACJ34717.1_Anoxybacillus-flavithermus-WK1,ACJ34717.1,lactose,7,7,5/40;5/60;5/80;5/90;8/60;8/80;8/90,10.1021/cb500244v,10.1021/cb500244v.s003
ACJ34717.1_Anoxybacillus-flavithermus-WK1,ACJ34717.1,xylobiose,8,8,5/40;5/60;5/80;5/90;8/40;8/60;8/80;8/90,10.1021/cb500244v,10.1021/cb500244v.s003
ACJ75238.1_Thermosipho-africanus-TCF52B,ACJ75238.1,xylobiose,5,5,5/80;5/90;8/40;8/80;8/90,10.1021/cb500244v,10.1021/cb500244v.s003
ACJ76349.1_Thermosipho-africanus-TCF52B,ACJ76349.1,cellobiose,3,3,5/90;8/60;8/90,10.1021/cb500244v,10.1021/cb500244v.s003
ACJ76349.1_Thermosipho-africanus-TCF52B,ACJ76349.1,lactose,3,3,5/60;5/90;8/90,10.1021/cb500244v,10.1021/cb500244v.s003
ACJ76349.1_Thermosipho-africanus-TCF52B,ACJ76349.1,xylobiose,3,3,5/90;8/80;8/90,10.1021/cb500244v,10.1021/cb500244v.s003
ACL70277.1_Halothermothrix-orenii-H-168,ACL70277.1,cellobiose,4,4,5/80;5/90;8/80;8/90,10.1021/cb500244v,10.1021/cb500244v.s003
ACL70277.1_Halothermothrix-orenii-H-168,ACL70277.1,lactose,4,4,5/80;5/90;8/80;8/90,10.1021/cb500244v,10.1021/cb500244v.s003
ACL70277.1_Halothermothrix-orenii-H-168,ACL70277.1,xylobiose,7,7,5/40;5/80;5/90;8/40;8/60;8/80;8/90,10.1021/cb500244v,10.1021/cb500244v.s003
ACL74759.1_Clostridium-cellulolyticum-H10,ACL74759.1,cellobiose,5,5,5/60;5/80;5/90;8/80;8/90,10.1021/cb500244v,10.1021/cb500244v.s003
ACL74759.1_Clostridium-cellulolyticum-H10,ACL74759.1,lactose,4,4,5/80;5/90;8/80;8/90,10.1021/cb500244v,10.1021/cb500244v.s003
ACL74759.1_Clostridium-cellulolyticum-H10,ACL74759.1,xylobiose,7,7,5/40;5/80;5/90;8/40;8/60;8/80;8/90,10.1021/cb500244v,10.1021/cb500244v.s003
ACL95685.1_Caulobacter-crescentus-NA1000,ACL95685.1,cellobiose,6,6,5/60;5/80;5/90;8/60;8/80;8/90,10.1021/cb500244v,10.1021/cb500244v.s003
ACL95685.1_Caulobacter-crescentus-NA1000,ACL95685.1,lactose,8,8,5/40;5/60;5/80;5/90;8/40;8/60;8/80;8/90,10.1021/cb500244v,10.1021/cb500244v.s003
ACL95685.1_Caulobacter-crescentus-NA1000,ACL95685.1,xylobiose,8,8,5/40;5/60;5/80;5/90;8/40;8/60;8/80;8/90,10.1021/cb500244v,10.1021/cb500244v.s003
ACM06095.1_Thermomicrobium-roseum-DSM-5159,ACM06095.1,cellobiose,2,2,5/90;8/90,10.1021/cb500244v,10.1021/cb500244v.s003
ACM06095.1_Thermomicrobium-roseum-DSM-5159,ACM06095.1,lactose,2,2,5/90;8/90,10.1021/cb500244v,10.1021/cb500244v.s003
ACM06095.1_Thermomicrobium-roseum-DSM-5159,ACM06095.1,xylobiose,8,8,5/40;5/60;5/80;5/90;8/40;8/60;8/80;8/90,10.1021/cb500244v,10.1021/cb500244v.s003
ACM22958.1_Thermotoga-neapolitana-DSM-4359,ACM22958.1,xylobiose,2,2,5/40;8/40,10.1021/cb500244v,10.1021/cb500244v.s003
ACO44852.1_Deinococcus-deserti-VCD115,ACO44852.1,cellobiose,5,5,5/60;5/80;5/90;8/80;8/90,10.1021/cb500244v,10.1021/cb500244v.s003
ACO44852.1_Deinococcus-deserti-VCD115,ACO44852.1,lactose,6,6,5/60;5/80;5/90;8/60;8/80;8/90,10.1021/cb500244v,10.1021/cb500244v.s003
ACO44852.1_Deinococcus-deserti-VCD115,ACO44852.1,xylobiose,8,8,5/40;5/60;5/80;5/90;8/40;8/60;8/80;8/90,10.1021/cb500244v,10.1021/cb500244v.s003
ACQ70805.1_Exiguobacterium-sp.-AT1b,ACQ70805.1,cellobiose,8,8,5/40;5/60;5/80;5/90;8/40;8/60;8/80;8/90,10.1021/cb500244v,10.1021/cb500244v.s003
ACQ70805.1_Exiguobacterium-sp.-AT1b,ACQ70805.1,lactose,8,8,5/40;5/60;5/80;5/90;8/40;8/60;8/80;8/90,10.1021/cb500244v,10.1021/cb500244v.s003
ACQ70805.1_Exiguobacterium-sp.-AT1b,ACQ70805.1,xylobiose,8,8,5/40;5/60;5/80;5/90;8/40;8/60;8/80;8/90,10.1021/cb500244v,10.1021/cb500244v.s003
ACQ71106.1_Exiguobacterium-sp.-AT1b,ACQ71106.1,cellobiose,8,8,5/40;5/60;5/80;5/90;8/40;8/60;8/80;8/90,10.1021/cb500244v,10.1021/cb500244v.s003
ACQ71106.1_Exiguobacterium-sp.-AT1b,ACQ71106.1,lactose,8,8,5/40;5/60;5/80;5/90;8/40;8/60;8/80;8/90,10.1021/cb500244v,10.1021/cb500244v.s003
ACQ71106.1_Exiguobacterium-sp.-AT1b,ACQ71106.1,xylobiose,8,8,5/40;5/60;5/80;5/90;8/40;8/60;8/80;8/90,10.1021/cb500244v,10.1021/cb500244v.s003
ACX80029.1_Geobacillus-sp.-Y412MC61,ACX80029.1,cellobiose,8,8,5/40;5/60;5/80;5/90;8/40;8/60;8/80;8/90,10.1021/cb500244v,10.1021/cb500244v.s003
ACX80029.1_Geobacillus-sp.-Y412MC61,ACX80029.1,lactose,8,8,5/40;5/60;5/80;5/90;8/40;8/60;8/80;8/90,10.1021/cb500244v,10.1021/cb500244v.s003
ACX80029.1_Geobacillus-sp.-Y412MC61,ACX80029.1,xylobiose,8,8,5/40;5/60;5/80;5/90;8/40;8/60;8/80;8/90,10.1021/cb500244v,10.1021/cb500244v.s003
ACY97307.1_Thermomonospora-curvata-DSM-43183,ACY97307.1,cellobiose,4,4,5/80;5/90;8/80;8/90,10.1021/cb500244v,10.1021/cb500244v.s003
ACY97307.1_Thermomonospora-curvata-DSM-43183,ACY97307.1,lactose,4,4,5/80;5/90;8/80;8/90,10.1021/cb500244v,10.1021/cb500244v.s003
ACY97307.1_Thermomonospora-curvata-DSM-43183,ACY97307.1,xylobiose,8,8,5/40;5/60;5/80;5/90;8/40;8/60;8/80;8/90,10.1021/cb500244v,10.1021/cb500244v.s003
ACZ00292.1_Thermomonospora-curvata-DSM-43183,ACZ00292.1,cellobiose,8,8,5/40;5/60;5/80;5/90;8/40;8/60;8/80;8/90,10.1021/cb500244v,10.1021/cb500244v.s003
ACZ00292.1_Thermomonospora-curvata-DSM-43183,ACZ00292.1,lactose,8,8,5/40;5/60;5/80;5/90;8/40;8/60;8/80;8/90,10.1021/cb500244v,10.1021/cb500244v.s003
ACZ00292.1_Thermomonospora-curvata-DSM-43183,ACZ00292.1,xylobiose,8,8,5/40;5/60;5/80;5/90;8/40;8/60;8/80;8/90,10.1021/cb500244v,10.1021/cb500244v.s003
ACZ10298.1_Sebaldella-termitidis-ATCC-33386,ACZ10298.1,cellobiose,8,8,5/40;5/60;5/80;5/90;8/40;8/60;8/80;8/90,10.1021/cb500244v,10.1021/cb500244v.s003
ACZ10298.1_Sebaldella-termitidis-ATCC-33386,ACZ10298.1,lactose,8,8,5/40;5/60;5/80;5/90;8/40;8/60;8/80;8/90,10.1021/cb500244v,10.1021/cb500244v.s003
ACZ10298.1_Sebaldella-termitidis-ATCC-33386,ACZ10298.1,xylobiose,8,8,5/40;5/60;5/80;5/90;8/40;8/60;8/80;8/90,10.1021/cb500244v,10.1021/cb500244v.s003
ACZ42845.1_Thermobaculum-terrenum-ATCC-BAA-798,ACZ42845.1,cellobiose,2,2,5/90;8/90,10.1021/cb500244v,10.1021/cb500244v.s003
ACZ42845.1_Thermobaculum-terrenum-ATCC-BAA-798,ACZ42845.1,lactose,2,2,5/90;8/90,10.1021/cb500244v,10.1021/cb500244v.s003
ACZ42845.1_Thermobaculum-terrenum-ATCC-BAA-798,ACZ42845.1,xylobiose,3,3,5/90;8/80;8/90,10.1021/cb500244v,10.1021/cb500244v.s003
ADB09596.1_Bifidobacterium-dentium-Bd1,ADB09596.1,cellobiose,6,6,5/40;5/60;5/80;5/90;8/80;8/90,10.1021/cb500244v,10.1021/cb500244v.s003
ADB09596.1_Bifidobacterium-dentium-Bd1,ADB09596.1,lactose,8,8,5/40;5/60;5/80;5/90;8/40;8/60;8/80;8/90,10.1021/cb500244v,10.1021/cb500244v.s003
ADB09596.1_Bifidobacterium-dentium-Bd1,ADB09596.1,xylobiose,8,8,5/40;5/60;5/80;5/90;8/40;8/60;8/80;8/90,10.1021/cb500244v,10.1021/cb500244v.s003
ADD01617.1_Thermoanaerobacter-italicus-Ab9,ADD01617.1,cellobiose,7,7,5/40;5/80;5/90;8/40;8/60;8/80;8/90,10.1021/cb500244v,10.1021/cb500244v.s003
ADD01617.1_Thermoanaerobacter-italicus-Ab9,ADD01617.1,lactose,6,6,5/80;5/90;8/40;8/60;8/80;8/90,10.1021/cb500244v,10.1021/cb500244v.s003
ADD01617.1_Thermoanaerobacter-italicus-Ab9,ADD01617.1,xylobiose,8,8,5/40;5/60;5/80;5/90;8/40;8/60;8/80;8/90,10.1021/cb500244v,10.1021/cb500244v.s003
ADD27066.1_Meiothermus-ruber-DSM-1279,ADD27066.1,cellobiose,2,2,5/90;8/90,10.1021/cb500244v,10.1021/cb500244v.s003
ADD27066.1_Meiothermus-ruber-DSM-1279,ADD27066.1,lactose,2,2,5/90;8/90,10.1021/cb500244v,10.1021/cb500244v.s003
ADD27066.1_Meiothermus-ruber-DSM-1279,ADD27066.1,xylobiose,8,8,5/40;5/60;5/80;5/90;8/40;8/60;8/80;8/90,10.1021/cb500244v,10.1021/cb500244v.s003
ADD27846.1_Meiothermus-ruber-DSM-1279,ADD27846.1,cellobiose,4,4,5/80;5/90;8/80;8/90,10.1021/cb500244v,10.1021/cb500244v.s003
ADD27846.1_Meiothermus-ruber-DSM-1279,ADD27846.1,lactose,4,4,5/80;5/90;8/80;8/90,10.1021/cb500244v,10.1021/cb500244v.s003
ADD27846.1_Meiothermus-ruber-DSM-1279,ADD27846.1,xylobiose,8,8,5/40;5/60;5/80;5/90;8/40;8/60;8/80;8/90,10.1021/cb500244v,10.1021/cb500244v.s003
ADG73989.1_Cellulomonas-flavigena-DSM-20109,ADG73989.1,cellobiose,6,6,5/60;5/80;5/90;8/60;8/80;8/90,10.1021/cb500244v,10.1021/cb500244v.s003
ADG73989.1_Cellulomonas-flavigena-DSM-20109,ADG73989.1,lactose,8,8,5/40;5/60;5/80;5/90;8/40;8/60;8/80;8/90,10.1021/cb500244v,10.1021/cb500244v.s003
ADG73989.1_Cellulomonas-flavigena-DSM-20109,ADG73989.1,xylobiose,8,8,5/40;5/60;5/80;5/90;8/40;8/60;8/80;8/90,10.1021/cb500244v,10.1021/cb500244v.s003
ADG88606.1_Thermobispora-bispora-DSM-43833,ADG88606.1,cellobiose,4,4,5/80;5/90;8/80;8/90,10.1021/cb500244v,10.1021/cb500244v.s003
ADG88606.1_Thermobispora-bispora-DSM-43833,ADG88606.1,lactose,6,6,5/40;5/80;5/90;8/40;8/80;8/90,10.1021/cb500244v,10.1021/cb500244v.s003
ADG88606.1_Thermobispora-bispora-DSM-43833,ADG88606.1,xylobiose,8,8,5/40;5/60;5/80;5/90;8/40;8/60;8/80;8/90,10.1021/cb500244v,10.1021/cb500244v.s003
ADG88608.1_Thermobispora-bispora-DSM-43833,ADG88608.1,cellobiose,4,4,5/80;5/90;8/80;8/90,10.1021/cb500244v,10.1021/cb500244v.s003
ADG88608.1_Thermobispora-bispora-DSM-43833,ADG88608.1,lactose,4,4,5/80;5/90;8/80;8/90,10.1021/cb500244v,10.1021/cb500244v.s003
ADG88608.1_Thermobispora-bispora-DSM-43833,ADG88608.1,xylobiose,8,8,5/40;5/60;5/80;5/90;8/40;8/60;8/80;8/90,10.1021/cb500244v,10.1021/cb500244v.s003
ADG89307.1_Thermobispora-bispora-DSM-43833,ADG89307.1,cellobiose,4,4,5/80;5/90;8/80;8/90,10.1021/cb500244v,10.1021/cb500244v.s003
ADG89307.1_Thermobispora-bispora-DSM-43833,ADG89307.1,lactose,4,4,5/80;5/90;8/80;8/90,10.1021/cb500244v,10.1021/cb500244v.s003
ADG89307.1_Thermobispora-bispora-DSM-43833,ADG89307.1,xylobiose,8,8,5/40;5/60;5/80;5/90;8/40;8/60;8/80;8/90,10.1021/cb500244v,10.1021/cb500244v.s003
ADG89462.1_Thermobispora-bispora-DSM-43833,ADG89462.1,cellobiose,8,8,5/40;5/60;5/80;5/90;8/40;8/60;8/80;8/90,10.1021/cb500244v,10.1021/cb500244v.s003
ADG89462.1_Thermobispora-bispora-DSM-43833,ADG89462.1,lactose,8,8,5/40;5/60;5/80;5/90;8/40;8/60;8/80;8/90,10.1021/cb500244v,10.1021/cb500244v.s003
ADG89462.1_Thermobispora-bispora-DSM-43833,ADG89462.1,xylobiose,8,8,5/40;5/60;5/80;5/90;8/40;8/60;8/80;8/90,10.1021/cb500244v,10.1021/cb500244v.s003
BAA19881.1_Bifidobacterium-breve,BAA19881.1,cellobiose,6,6,5/60;5/80;5/90;8/60;8/80;8/90,10.1021/cb500244v,10.1021/cb500244v.s003
BAA19881.1_Bifidobacterium-breve,BAA19881.1,lactose,6,6,5/60;5/80;5/90;8/60;8/80;8/90,10.1021/cb500244v,10.1021/cb500244v.s003
BAA19881.1_Bifidobacterium-breve,BAA19881.1,xylobiose,8,8,5/40;5/60;5/80;5/90;8/40;8/60;8/80;8/90,10.1021/cb500244v,10.1021/cb500244v.s003
BAA36160.1_Bacillus-sp.,BAA36160.1,cellobiose,6,6,5/60;5/80;5/90;8/60;8/80;8/90,10.1021/cb500244v,10.1021/cb500244v.s003
BAA36160.1_Bacillus-sp.,BAA36160.1,lactose,6,6,5/60;5/80;5/90;8/60;8/80;8/90,10.1021/cb500244v,10.1021/cb500244v.s003
BAA36160.1_Bacillus-sp.,BAA36160.1,xylobiose,8,8,5/40;5/60;5/80;5/90;8/40;8/60;8/80;8/90,10.1021/cb500244v,10.1021/cb500244v.s003
BAA74959.1_Trichoderma-reesei,BAA74959.1,cellobiose,4,4,5/80;5/90;8/80;8/90,10.1021/cb500244v,10.1021/cb500244v.s003
BAA74959.1_Trichoderma-reesei,BAA74959.1,lactose,8,8,5/40;5/60;5/80;5/90;8/40;8/60;8/80;8/90,10.1021/cb500244v,10.1021/cb500244v.s003
BAA74959.1_Trichoderma-reesei,BAA74959.1,xylobiose,8,8,5/40;5/60;5/80;5/90;8/40;8/60;8/80;8/90,10.1021/cb500244v,10.1021/cb500244v.s003
BAB05642.1_Bacillus-halodurans-C-125,BAB05642.1,cellobiose,6,6,5/60;5/80;5/90;8/60;8/80;8/90,10.1021/cb500244v,10.1021/cb500244v.s003
BAB05642.1_Bacillus-halodurans-C-125,BAB05642.1,lactose,6,6,5/60;5/80;5/90;8/60;8/80;8/90,10.1021/cb500244v,10.1021/cb500244v.s003
BAB05642.1_Bacillus-halodurans-C-125,BAB05642.1,xylobiose,8,8,5/40;5/60;5/80;5/90;8/40;8/60;8/80;8/90,10.1021/cb500244v,10.1021/cb500244v.s003
BAB59827.1_Thermoplasma-volcanium-GSS1,BAB59827.1,cellobiose,2,2,5/90;8/90,10.1021/cb500244v,10.1021/cb500244v.s003
BAB59827.1_Thermoplasma-volcanium-GSS1,BAB59827.1,lactose,2,2,5/90;8/90,10.1021/cb500244v,10.1021/cb500244v.s003
BAB59827.1_Thermoplasma-volcanium-GSS1,BAB59827.1,xylobiose,8,8,5/40;5/60;5/80;5/90;8/40;8/60;8/80;8/90,10.1021/cb500244v,10.1021/cb500244v.s003
BAC14719.1_Oceanobacillus-iheyensis-HTE831,BAC14719.1,cellobiose,8,8,5/40;5/60;5/80;5/90;8/40;8/60;8/80;8/90,10.1021/cb500244v,10.1021/cb500244v.s003
BAC14719.1_Oceanobacillus-iheyensis-HTE831,BAC14719.1,lactose,8,8,5/40;5/60;5/80;5/90;8/40;8/60;8/80;8/90,10.1021/cb500244v,10.1021/cb500244v.s003
BAC14719.1_Oceanobacillus-iheyensis-HTE831,BAC14719.1,xylobiose,8,8,5/40;5/60;5/80;5/90;8/40;8/60;8/80;8/90,10.1021/cb500244v,10.1021/cb500244v.s003
BAC96154.1_Vibrio-vulnificus-YJ016,BAC96154.1,cellobiose,6,6,5/60;5/80;5/90;8/60;8/80;8/90,10.1021/cb500244v,10.1021/cb500244v.s003
BAC96154.1_Vibrio-vulnificus-YJ016,BAC96154.1,lactose,6,6,5/60;5/80;5/90;8/60;8/80;8/90,10.1021/cb500244v,10.1021/cb500244v.s003
BAC96154.1_Vibrio-vulnificus-YJ016,BAC96154.1,xylobiose,8,8,5/40;5/60;5/80;5/90;8/40;8/60;8/80;8/90,10.1021/cb500244v,10.1021/cb500244v.s003
BAD76141.1_Geobacillus-kaustophilus-HTA426,BAD76141.1,cellobiose,8,8,5/40;5/60;5/80;5/90;8/40;8/60;8/80;8/90,10.1021/cb500244v,10.1021/cb500244v.s003
BAD76141.1_Geobacillus-kaustophilus-HTA426,BAD76141.1,lactose,8,8,5/40;5/60;5/80;5/90;8/40;8/60;8/80;8/90,10.1021/cb500244v,10.1021/cb500244v.s003
BAD76141.1_Geobacillus-kaustophilus-HTA426,BAD76141.1,xylobiose,8,8,5/40;5/60;5/80;5/90;8/40;8/60;8/80;8/90,10.1021/cb500244v,10.1021/cb500244v.s003
BAD76622.1_Geobacillus-kaustophilus-HTA426,BAD76622.1,cellobiose,8,8,5/40;5/60;5/80;5/90;8/40;8/60;8/80;8/90,10.1021/cb500244v,10.1021/cb500244v.s003
BAD76622.1_Geobacillus-kaustophilus-HTA426,BAD76622.1,lactose,8,8,5/40;5/60;5/80;5/90;8/40;8/60;8/80;8/90,10.1021/cb500244v,10.1021/cb500244v.s003
BAD76622.1_Geobacillus-kaustophilus-HTA426,BAD76622.1,xylobiose,8,8,5/40;5/60;5/80;5/90;8/40;8/60;8/80;8/90,10.1021/cb500244v,10.1021/cb500244v.s003
BAD77499.1_Geobacillus-kaustophilus-HTA426,BAD77499.1,cellobiose,8,8,5/40;5/60;5/80;5/90;8/40;8/60;8/80;8/90,10.1021/cb500244v,10.1021/cb500244v.s003
BAD77499.1_Geobacillus-kaustophilus-HTA426,BAD77499.1,lactose,8,8,5/40;5/60;5/80;5/90;8/40;8/60;8/80;8/90,10.1021/cb500244v,10.1021/cb500244v.s003
BAD77499.1_Geobacillus-kaustophilus-HTA426,BAD77499.1,xylobiose,8,8,5/40;5/60;5/80;5/90;8/40;8/60;8/80;8/90,10.1021/cb500244v,10.1021/cb500244v.s003
BAE04157.1_Staphylococcus-haemolyticus-JCSC1435,BAE04157.1,cellobiose,8,8,5/40;5/60;5/80;5/90;8/40;8/60;8/80;8/90,10.1021/cb500244v,10.1021/cb500244v.s003
BAE04157.1_Staphylococcus-haemolyticus-JCSC1435,BAE04157.1,lactose,8,8,5/40;5/60;5/80;5/90;8/40;8/60;8/80;8/90,10.1021/cb500244v,10.1021/cb500244v.s003
BAE04157.1_Staphylococcus-haemolyticus-JCSC1435,BAE04157.1,xylobiose,8,8,5/40;5/60;5/80;5/90;8/40;8/60;8/80;8/90,10.1021/cb500244v,10.1021/cb500244v.s003
BAE49023.1_Magnetospirillum-magneticum-AMB-1,BAE49023.1,cellobiose,2,2,5/90;8/90,10.1021/cb500244v,10.1021/cb500244v.s003
BAE49023.1_Magnetospirillum-magneticum-AMB-1,BAE49023.1,lactose,2,2,5/90;8/90,10.1021/cb500244v,10.1021/cb500244v.s003
BAE49023.1_Magnetospirillum-magneticum-AMB-1,BAE49023.1,xylobiose,8,8,5/40;5/60;5/80;5/90;8/40;8/60;8/80;8/90,10.1021/cb500244v,10.1021/cb500244v.s003
BAE87008.1_Phanerochaete-chrysosporium,BAE87008.1,cellobiose,6,6,5/60;5/80;5/90;8/60;8/80;8/90,10.1021/cb500244v,10.1021/cb500244v.s003
BAE87008.1_Phanerochaete-chrysosporium,BAE87008.1,lactose,6,6,5/60;5/80;5/90;8/60;8/80;8/90,10.1021/cb500244v,10.1021/cb500244v.s003
BAE87008.1_Phanerochaete-chrysosporium,BAE87008.1,xylobiose,8,8,5/40;5/60;5/80;5/90;8/40;8/60;8/80;8/90,10.1021/cb500244v,10.1021/cb500244v.s003
BAG19255.1_Streptomyces-griseus-subsp.-griseus-NBRC-13350,BAG19255.1,cellobiose,4,4,5/80;5/90;8/80;8/90,10.1021/cb500244v,10.1021/cb500244v.s003
BAG19255.1_Streptomyces-griseus-subsp.-griseus-NBRC-13350,BAG19255.1,lactose,4,4,5/80;5/90;8/80;8/90,10.1021/cb500244v,10.1021/cb500244v.s003
BAG19255.1_Streptomyces-griseus-subsp.-griseus-NBRC-13350,BAG19255.1,xylobiose,8,8,5/40;5/60;5/80;5/90;8/40;8/60;8/80;8/90,10.1021/cb500244v,10.1021/cb500244v.s003
BAH33569.1_Rhodococcus-erythropolis-PR4,BAH33569.1,cellobiose,7,7,5/60;5/80;5/90;8/40;8/60;8/80;8/90,10.1021/cb500244v,10.1021/cb500244v.s003
BAH33569.1_Rhodococcus-erythropolis-PR4,BAH33569.1,lactose,7,7,5/60;5/80;5/90;8/40;8/60;8/80;8/90,10.1021/cb500244v,10.1021/cb500244v.s003
BAH33569.1_Rhodococcus-erythropolis-PR4,BAH33569.1,xylobiose,8,8,5/40;5/60;5/80;5/90;8/40;8/60;8/80;8/90,10.1021/cb500244v,10.1021/cb500244v.s003
CAA31087.1_Caldicellulosiruptor-saccharolyticus,CAA31087.1,cellobiose,1,1,8/90,10.1021/cb500244v,10.1021/cb500244v.s003
CAA31087.1_Caldicellulosiruptor-saccharolyticus,CAA31087.1,lactose,1,1,8/90,10.1021/cb500244v,10.1021/cb500244v.s003
CAA31087.1_Caldicellulosiruptor-saccharolyticus,CAA31087.1,xylobiose,8,8,5/40;5/60;5/80;5/90;8/40;8/60;8/80;8/90,10.1021/cb500244v,10.1021/cb500244v.s003
CAA42814.1_Clostridium-thermocellum-ATCC-27405,CAA42814.1,cellobiose,4,4,5/80;5/90;8/80;8/90,10.1021/cb500244v,10.1021/cb500244v.s003
CAA42814.1_Clostridium-thermocellum-ATCC-27405,CAA42814.1,lactose,4,4,5/80;5/90;8/80;8/90,10.1021/cb500244v,10.1021/cb500244v.s003
CAA42814.1_Clostridium-thermocellum-ATCC-27405,CAA42814.1,xylobiose,8,8,5/40;5/60;5/80;5/90;8/40;8/60;8/80;8/90,10.1021/cb500244v,10.1021/cb500244v.s003
CAA52344.1_Streptomyces-rochei,CAA52344.1,cellobiose,7,7,5/40;5/60;5/80;5/90;8/60;8/80;8/90,10.1021/cb500244v,10.1021/cb500244v.s003
CAA52344.1_Streptomyces-rochei,CAA52344.1,lactose,7,7,5/40;5/60;5/80;5/90;8/60;8/80;8/90,10.1021/cb500244v,10.1021/cb500244v.s003
CAA52344.1_Streptomyces-rochei,CAA52344.1,xylobiose,8,8,5/40;5/60;5/80;5/90;8/40;8/60;8/80;8/90,10.1021/cb500244v,10.1021/cb500244v.s003
CAA82733.1_Streptomyces-sp.,CAA82733.1,cellobiose,6,6,5/60;5/80;5/90;8/60;8/80;8/90,10.1021/cb500244v,10.1021/cb500244v.s003
CAA82733.1_Streptomyces-sp.,CAA82733.1,lactose,6,6,5/60;5/80;5/90;8/60;8/80;8/90,10.1021/cb500244v,10.1021/cb500244v.s003
CAA82733.1_Streptomyces-sp.,CAA82733.1,xylobiose,8,8,5/40;5/60;5/80;5/90;8/40;8/60;8/80;8/90,10.1021/cb500244v,10.1021/cb500244v.s003
CAA91220.1_Thermoanaerobacter-brockii,CAA91220.1,cellobiose,2,2,5/90;8/90,10.1021/cb500244v,10.1021/cb500244v.s003
CAA91220.1_Thermoanaerobacter-brockii,CAA91220.1,lactose,3,3,5/80;5/90;8/90,10.1021/cb500244v,10.1021/cb500244v.s003
CAA91220.1_Thermoanaerobacter-brockii,CAA91220.1,xylobiose,8,8,5/40;5/60;5/80;5/90;8/40;8/60;8/80;8/90,10.1021/cb500244v,10.1021/cb500244v.s003
CAJ88232.1_Streptomyces-ambofaciens-ATCC-23877,CAJ88232.1,cellobiose,8,7,5/60;5/80;5/90;8/40;8/60;8/80;8/90,10.1021/cb500244v,10.1021/cb500244v.s003
CAJ88232.1_Streptomyces-ambofaciens-ATCC-23877,CAJ88232.1,lactose,8,7,5/60;5/80;5/90;8/40;8/60;8/80;8/90,10.1021/cb500244v,10.1021/cb500244v.s003
CAJ88232.1_Streptomyces-ambofaciens-ATCC-23877,CAJ88232.1,xylobiose,8,7,5/60;5/80;5/90;8/40;8/60;8/80;8/90,10.1021/cb500244v,10.1021/cb500244v.s003
CAL97639.1_Lactococcus-lactis-subsp.-cremoris-MG1363,CAL97639.1,cellobiose,8,8,5/40;5/60;5/80;5/90;8/40;8/60;8/80;8/90,10.1021/cb500244v,10.1021/cb500244v.s003
CAL97639.1_Lactococcus-lactis-subsp.-cremoris-MG1363,CAL97639.1,lactose,8,8,5/40;5/60;5/80;5/90;8/40;8/60;8/80;8/90,10.1021/cb500244v,10.1021/cb500244v.s003
CAL97639.1_Lactococcus-lactis-subsp.-cremoris-MG1363,CAL97639.1,xylobiose,8,8,5/40;5/60;5/80;5/90;8/40;8/60;8/80;8/90,10.1021/cb500244v,10.1021/cb500244v.s003
CAQ03968.1_Corynebacterium-urealyticum-DSM-7109,CAQ03968.1,cellobiose,8,8,5/40;5/60;5/80;5/90;8/40;8/60;8/80;8/90,10.1021/cb500244v,10.1021/cb500244v.s003
CAQ03968.1_Corynebacterium-urealyticum-DSM-7109,CAQ03968.1,lactose,8,8,5/40;5/60;5/80;5/90;8/40;8/60;8/80;8/90,10.1021/cb500244v,10.1021/cb500244v.s003
CAQ03968.1_Corynebacterium-urealyticum-DSM-7109,CAQ03968.1,xylobiose,8,8,5/40;5/60;5/80;5/90;8/40;8/60;8/80;8/90,10.1021/cb500244v,10.1021/cb500244v.s003
CAQ67883.1_Lactobacillus-casei-BL23,CAQ67883.1,cellobiose,8,8,5/40;5/60;5/80;5/90;8/40;8/60;8/80;8/90,10.1021/cb500244v,10.1021/cb500244v.s003
CAQ67883.1_Lactobacillus-casei-BL23,CAQ67883.1,lactose,8,8,5/40;5/60;5/80;5/90;8/40;8/60;8/80;8/90,10.1021/cb500244v,10.1021/cb500244v.s003
CAQ67883.1_Lactobacillus-casei-BL23,CAQ67883.1,xylobiose,8,8,5/40;5/60;5/80;5/90;8/40;8/60;8/80;8/90,10.1021/cb500244v,10.1021/cb500244v.s003
CAR89462.1_Lactobacillus-rhamnosus-Lc-705,CAR89462.1,cellobiose,8,8,5/40;5/60;5/80;5/90;8/40;8/60;8/80;8/90,10.1021/cb500244v,10.1021/cb500244v.s003
CAR89462.1_Lactobacillus-rhamnosus-Lc-705,CAR89462.1,lactose,8,8,5/40;5/60;5/80;5/90;8/40;8/60;8/80;8/90,10.1021/cb500244v,10.1021/cb500244v.s003
CAR89462.1_Lactobacillus-rhamnosus-Lc-705,CAR89462.1,xylobiose,8,8,5/40;5/60;5/80;5/90;8/40;8/60;8/80;8/90,10.1021/cb500244v,10.1021/cb500244v.s003
CAW94361.1_Streptococcus-equi-subsp.-equi-4047,CAW94361.1,cellobiose,8,8,5/40;5/60;5/80;5/90;8/40;8/60;8/80;8/90,10.1021/cb500244v,10.1021/cb500244v.s003
CAW94361.1_Streptococcus-equi-subsp.-equi-4047,CAW94361.1,lactose,8,8,5/40;5/60;5/80;5/90;8/40;8/60;8/80;8/90,10.1021/cb500244v,10.1021/cb500244v.s003
CAW94361.1_Streptococcus-equi-subsp.-equi-4047,CAW94361.1,xylobiose,8,8,5/40;5/60;5/80;5/90;8/40;8/60;8/80;8/90,10.1021/cb500244v,10.1021/cb500244v.s003
CBL17177.1_Ruminococcus-champanellensis-18P13,CBL17177.1,cellobiose,6,6,5/60;5/80;5/90;8/60;8/80;8/90,10.1021/cb500244v,10.1021/cb500244v.s003
CBL17177.1_Ruminococcus-champanellensis-18P13,CBL17177.1,lactose,6,6,5/60;5/80;5/90;8/60;8/80;8/90,10.1021/cb500244v,10.1021/cb500244v.s003
CBL17177.1_Ruminococcus-champanellensis-18P13,CBL17177.1,xylobiose,8,8,5/40;5/60;5/80;5/90;8/40;8/60;8/80;8/90,10.1021/cb500244v,10.1021/cb500244v.s003
CBL32986.1_Enterococcus-sp.-7L76,CBL32986.1,cellobiose,8,8,5/40;5/60;5/80;5/90;8/40;8/60;8/80;8/90,10.1021/cb500244v,10.1021/cb500244v.s003
CBL32986.1_Enterococcus-sp.-7L76,CBL32986.1,lactose,8,8,5/40;5/60;5/80;5/90;8/40;8/60;8/80;8/90,10.1021/cb500244v,10.1021/cb500244v.s003
CBL32986.1_Enterococcus-sp.-7L76,CBL32986.1,xylobiose,8,8,5/40;5/60;5/80;5/90;8/40;8/60;8/80;8/90,10.1021/cb500244v,10.1021/cb500244v.s003
CR_14_Cow_Rumen,,cellobiose,6,6,5/60;5/80;5/90;8/60;8/80;8/90,10.1021/cb500244v,10.1021/cb500244v.s003
CR_14_Cow_Rumen,,lactose,6,6,5/60;5/80;5/90;8/60;8/80;8/90,10.1021/cb500244v,10.1021/cb500244v.s003
CR_14_Cow_Rumen,,xylobiose,8,8,5/40;5/60;5/80;5/90;8/40;8/60;8/80;8/90,10.1021/cb500244v,10.1021/cb500244v.s003
CR_19_Cow_Rumen,,cellobiose,6,6,5/60;5/80;5/90;8/60;8/80;8/90,10.1021/cb500244v,10.1021/cb500244v.s003
CR_19_Cow_Rumen,,lactose,6,6,5/60;5/80;5/90;8/60;8/80;8/90,10.1021/cb500244v,10.1021/cb500244v.s003
CR_19_Cow_Rumen,,xylobiose,8,8,5/40;5/60;5/80;5/90;8/40;8/60;8/80;8/90,10.1021/cb500244v,10.1021/cb500244v.s003
CR_23_Cow_Rumen,,cellobiose,8,8,5/40;5/60;5/80;5/90;8/40;8/60;8/80;8/90,10.1021/cb500244v,10.1021/cb500244v.s003
CR_23_Cow_Rumen,,lactose,8,8,5/40;5/60;5/80;5/90;8/40;8/60;8/80;8/90,10.1021/cb500244v,10.1021/cb500244v.s003
CR_23_Cow_Rumen,,xylobiose,8,8,5/40;5/60;5/80;5/90;8/40;8/60;8/80;8/90,10.1021/cb500244v,10.1021/cb500244v.s003
CR_24_Cow_Rumen,,cellobiose,4,4,5/80;5/90;8/80;8/90,10.1021/cb500244v,10.1021/cb500244v.s003
CR_24_Cow_Rumen,,lactose,6,6,5/80;5/90;8/40;8/60;8/80;8/90,10.1021/cb500244v,10.1021/cb500244v.s003
CR_24_Cow_Rumen,,xylobiose,8,8,5/40;5/60;5/80;5/90;8/40;8/60;8/80;8/90,10.1021/cb500244v,10.1021/cb500244v.s003
CR_29_Cow_Rumen,,cellobiose,5,5,5/60;5/80;5/90;8/80;8/90,10.1021/cb500244v,10.1021/cb500244v.s003
CR_29_Cow_Rumen,,lactose,8,8,5/40;5/60;5/80;5/90;8/40;8/60;8/80;8/90,10.1021/cb500244v,10.1021/cb500244v.s003
CR_29_Cow_Rumen,,xylobiose,8,8,5/40;5/60;5/80;5/90;8/40;8/60;8/80;8/90,10.1021/cb500244v,10.1021/cb500244v.s003
CR_35_Cow_Rumen,,cellobiose,8,8,5/40;5/60;5/80;5/90;8/40;8/60;8/80;8/90,10.1021/cb500244v,10.1021/cb500244v.s003
CR_35_Cow_Rumen,,lactose,8,8,5/40;5/60;5/80;5/90;8/40;8/60;8/80;8/90,10.1021/cb500244v,10.1021/cb500244v.s003
CR_35_Cow_Rumen,,xylobiose,8,8,5/40;5/60;5/80;5/90;8/40;8/60;8/80;8/90,10.1021/cb500244v,10.1021/cb500244v.s003
CR_37_Cow_Rumen,,cellobiose,8,8,5/40;5/60;5/80;5/90;8/40;8/60;8/80;8/90,10.1021/cb500244v,10.1021/cb500244v.s003
CR_37_Cow_Rumen,,lactose,8,8,5/40;5/60;5/80;5/90;8/40;8/60;8/80;8/90,10.1021/cb500244v,10.1021/cb500244v.s003
CR_37_Cow_Rumen,,xylobiose,8,8,5/40;5/60;5/80;5/90;8/40;8/60;8/80;8/90,10.1021/cb500244v,10.1021/cb500244v.s003
CR_5_Cow_Rumen,,cellobiose,8,8,5/40;5/60;5/80;5/90;8/40;8/60;8/80;8/90,10.1021/cb500244v,10.1021/cb500244v.s003
CR_5_Cow_Rumen,,lactose,8,8,5/40;5/60;5/80;5/90;8/40;8/60;8/80;8/90,10.1021/cb500244v,10.1021/cb500244v.s003
CR_5_Cow_Rumen,,xylobiose,8,8,5/40;5/60;5/80;5/90;8/40;8/60;8/80;8/90,10.1021/cb500244v,10.1021/cb500244v.s003
CR_8_Cow_Rumen,,cellobiose,8,8,5/40;5/60;5/80;5/90;8/40;8/60;8/80;8/90,10.1021/cb500244v,10.1021/cb500244v.s003
CR_8_Cow_Rumen,,lactose,8,8,5/40;5/60;5/80;5/90;8/40;8/60;8/80;8/90,10.1021/cb500244v,10.1021/cb500244v.s003
CR_8_Cow_Rumen,,xylobiose,8,8,5/40;5/60;5/80;5/90;8/40;8/60;8/80;8/90,10.1021/cb500244v,10.1021/cb500244v.s003
CR_9_Cow_Rumen,,cellobiose,8,8,5/40;5/60;5/80;5/90;8/40;8/60;8/80;8/90,10.1021/cb500244v,10.1021/cb500244v.s003
CR_9_Cow_Rumen,,lactose,8,8,5/40;5/60;5/80;5/90;8/40;8/60;8/80;8/90,10.1021/cb500244v,10.1021/cb500244v.s003
CR_9_Cow_Rumen,,xylobiose,8,8,5/40;5/60;5/80;5/90;8/40;8/60;8/80;8/90,10.1021/cb500244v,10.1021/cb500244v.s003
