pilot_id,protein_accession_species,enzyme_family,substrate,assay_modality,pH,temperature_C,mean_conversion_rate_raw,label_interpretation,background_threshold_conversion_rate,biological_replicates,coefficient_of_variation_raw,kingdom,soluble_expression_mg_ml,expression_binary,source_article_doi,source_supplement_doi,source_file,source_sheet,source_excel_row,source_excel_column,source_cell
GH1NIMS0001,AAU43012.1_Bacillus-licheniformis-DSM-13-=-ATCC-14580,GH1 beta-glucosidase,xylobiose,NIMS,5,40,<0.1,below reported 0.1 conversion background; do not replace with numeric zero,0.1,3,NA,Bacteria,0.49012380533333333,1,10.1021/cb500244v,10.1021/cb500244v.s003,cb500244v_si_003.xlsx,Sheet1,119,D,D119
GH1NIMS0002,ABW01492.1_Caldivirga-maquilingensis-IC-167,GH1 beta-glucosidase,xylobiose,NIMS,5,40,<0.1,below reported 0.1 conversion background; do not replace with numeric zero,0.1,3,NA,Archaea,0.18712685866666665,1,10.1021/cb500244v,10.1021/cb500244v.s003,cb500244v_si_003.xlsx,Sheet1,271,D,D271
GH1NIMS0003,ADD01617.1_Thermoanaerobacter-italicus-Ab9,GH1 beta-glucosidase,xylobiose,NIMS,5,40,<0.1,below reported 0.1 conversion background; do not replace with numeric zero,0.1,3,NA,Bacteria,1.03,1,10.1021/cb500244v,10.1021/cb500244v.s003,cb500244v_si_003.xlsx,Sheet1,471,D,D471
GH1NIMS0004,BAE04157.1_Staphylococcus-haemolyticus-JCSC1435,GH1 beta-glucosidase,xylobiose,NIMS,5,40,<0.1,below reported 0.1 conversion background; do not replace with numeric zero,0.1,3,NA,Bacteria,0.0872386,1,10.1021/cb500244v,10.1021/cb500244v.s003,cb500244v_si_003.xlsx,Sheet1,750,D,D750
GH1NIMS0005,CR_19_Cow_Rumen,GH1 beta-glucosidase,xylobiose,NIMS,5,40,<0.1,below reported 0.1 conversion background; do not replace with numeric zero,0.1,3,NA,Metagenome,0.7320564453333334,1,10.1021/cb500244v,10.1021/cb500244v.s003,cb500244v_si_003.xlsx,Sheet1,798,D,D798
GH1NIMS0006,AAU92142.1_Methylococcus-capsulatus-str.-Bath,GH1 beta-glucosidase,xylobiose,NIMS,5,60,<0.1,below reported 0.1 conversion background; do not replace with numeric zero,0.1,3,NA,Bacteria,0.15334802933333333,1,10.1021/cb500244v,10.1021/cb500244v.s003,cb500244v_si_003.xlsx,Sheet1,128,D,D128
GH1NIMS0007,ACO44852.1_Deinococcus-deserti-VCD115,GH1 beta-glucosidase,xylobiose,NIMS,5,60,<0.1,below reported 0.1 conversion background; do not replace with numeric zero,0.1,3,NA,Bacteria,0.3874932053333333,1,10.1021/cb500244v,10.1021/cb500244v.s003,cb500244v_si_003.xlsx,Sheet1,392,D,D392
GH1NIMS0008,BAC96154.1_Vibrio-vulnificus-YJ016,GH1 beta-glucosidase,xylobiose,NIMS,5,60,<0.1,below reported 0.1 conversion background; do not replace with numeric zero,0.1,3,NA,Bacteria,0.7501281333333333,1,10.1021/cb500244v,10.1021/cb500244v.s003,cb500244v_si_003.xlsx,Sheet1,592,D,D592
GH1NIMS0009,CBL32986.1_Enterococcus-sp.-7L76,GH1 beta-glucosidase,xylobiose,NIMS,5,60,<0.1,below reported 0.1 conversion background; do not replace with numeric zero,0.1,3,NA,Bacteria,0.7380594239999999,1,10.1021/cb500244v,10.1021/cb500244v.s003,cb500244v_si_003.xlsx,Sheet1,759,D,D759
GH1NIMS0010,AAY81155.1_Sulfolobus-acidocaldarius-DSM-639,GH1 beta-glucosidase,xylobiose,NIMS,5,80,<0.1,below reported 0.1 conversion background; do not replace with numeric zero,0.1,3,NA,Archaea,0.41724939466666666,1,10.1021/cb500244v,10.1021/cb500244v.s003,cb500244v_si_003.xlsx,Sheet1,145,D,D145
GH1NIMS0011,ACL74759.1_Clostridium-cellulolyticum-H10,GH1 beta-glucosidase,xylobiose,NIMS,5,80,<0.1,below reported 0.1 conversion background; do not replace with numeric zero,0.1,3,NA,Bacteria,0.418059152,1,10.1021/cb500244v,10.1021/cb500244v.s003,cb500244v_si_003.xlsx,Sheet1,361,D,D361
GH1NIMS0012,BAB59827.1_Thermoplasma-volcanium-GSS1,GH1 beta-glucosidase,xylobiose,NIMS,5,80,<0.1,below reported 0.1 conversion background; do not replace with numeric zero,0.1,3,NA,Archaea,0.39938303199999997,1,10.1021/cb500244v,10.1021/cb500244v.s003,cb500244v_si_003.xlsx,Sheet1,577,D,D577
GH1NIMS0013,CBL17177.1_Ruminococcus-champanellensis-18P13,GH1 beta-glucosidase,xylobiose,NIMS,5,80,<0.1,below reported 0.1 conversion background; do not replace with numeric zero,0.1,3,NA,Bacteria,0.119,1,10.1021/cb500244v,10.1021/cb500244v.s003,cb500244v_si_003.xlsx,Sheet1,720,D,D720
GH1NIMS0014,AAU92142.1_Methylococcus-capsulatus-str.-Bath,GH1 beta-glucosidase,xylobiose,NIMS,5,90,<0.1,below reported 0.1 conversion background; do not replace with numeric zero,0.1,3,NA,Bacteria,0.15334802933333333,1,10.1021/cb500244v,10.1021/cb500244v.s003,cb500244v_si_003.xlsx,Sheet1,130,D,D130
GH1NIMS0015,ACL70277.1_Halothermothrix-orenii-H-168,GH1 beta-glucosidase,xylobiose,NIMS,5,90,<0.1,below reported 0.1 conversion background; do not replace with numeric zero,0.1,3,NA,Bacteria,0.35209476266666667,1,10.1021/cb500244v,10.1021/cb500244v.s003,cb500244v_si_003.xlsx,Sheet1,354,D,D354
GH1NIMS0016,BAA74959.1_Trichoderma-reesei,GH1 beta-glucosidase,xylobiose,NIMS,5,90,<0.1,below reported 0.1 conversion background; do not replace with numeric zero,0.1,3,NA,Eukaryota,0.07552499200000001,1,10.1021/cb500244v,10.1021/cb500244v.s003,cb500244v_si_003.xlsx,Sheet1,562,D,D562
GH1NIMS0017,CBL17177.1_Ruminococcus-champanellensis-18P13,GH1 beta-glucosidase,xylobiose,NIMS,5,90,<0.1,below reported 0.1 conversion background; do not replace with numeric zero,0.1,3,NA,Bacteria,0.119,1,10.1021/cb500244v,10.1021/cb500244v.s003,cb500244v_si_003.xlsx,Sheet1,721,D,D721
GH1NIMS0018,AAU43012.1_Bacillus-licheniformis-DSM-13-=-ATCC-14580,GH1 beta-glucosidase,xylobiose,NIMS,8,40,<0.1,below reported 0.1 conversion background; do not replace with numeric zero,0.1,3,NA,Bacteria,0.49012380533333333,1,10.1021/cb500244v,10.1021/cb500244v.s003,cb500244v_si_003.xlsx,Sheet1,123,D,D123
GH1NIMS0019,ABW01253.1_Caldivirga-maquilingensis-IC-167,GH1 beta-glucosidase,xylobiose,NIMS,8,40,<0.1,below reported 0.1 conversion background; do not replace with numeric zero,0.1,3,NA,Archaea,0.2752815786666667,1,10.1021/cb500244v,10.1021/cb500244v.s003,cb500244v_si_003.xlsx,Sheet1,267,D,D267
GH1NIMS0020,ADB09596.1_Bifidobacterium-dentium-Bd1,GH1 beta-glucosidase,xylobiose,NIMS,8,40,<0.1,below reported 0.1 conversion background; do not replace with numeric zero,0.1,3,NA,Bacteria,0.2589731626666667,1,10.1021/cb500244v,10.1021/cb500244v.s003,cb500244v_si_003.xlsx,Sheet1,467,D,D467
GH1NIMS0021,BAE04157.1_Staphylococcus-haemolyticus-JCSC1435,GH1 beta-glucosidase,xylobiose,NIMS,8,40,<0.1,below reported 0.1 conversion background; do not replace with numeric zero,0.1,3,NA,Bacteria,0.0872386,1,10.1021/cb500244v,10.1021/cb500244v.s003,cb500244v_si_003.xlsx,Sheet1,754,D,D754
GH1NIMS0022,CR_14_Cow_Rumen,GH1 beta-glucosidase,xylobiose,NIMS,8,40,<0.1,below reported 0.1 conversion background; do not replace with numeric zero,0.1,3,NA,Metagenome,0.5445296906666667,1,10.1021/cb500244v,10.1021/cb500244v.s003,cb500244v_si_003.xlsx,Sheet1,810,D,D810
GH1NIMS0023,AAY81155.1_Sulfolobus-acidocaldarius-DSM-639,GH1 beta-glucosidase,xylobiose,NIMS,8,60,<0.1,below reported 0.1 conversion background; do not replace with numeric zero,0.1,3,NA,Archaea,0.41724939466666666,1,10.1021/cb500244v,10.1021/cb500244v.s003,cb500244v_si_003.xlsx,Sheet1,148,D,D148
GH1NIMS0024,ACL95685.1_Caulobacter-crescentus-NA1000,GH1 beta-glucosidase,xylobiose,NIMS,8,60,<0.1,below reported 0.1 conversion background; do not replace with numeric zero,0.1,3,NA,Bacteria,0.06223834133333333,1,10.1021/cb500244v,10.1021/cb500244v.s003,cb500244v_si_003.xlsx,Sheet1,372,D,D372
GH1NIMS0025,BAB59827.1_Thermoplasma-volcanium-GSS1,GH1 beta-glucosidase,xylobiose,NIMS,8,60,<0.1,below reported 0.1 conversion background; do not replace with numeric zero,0.1,3,NA,Archaea,0.39938303199999997,1,10.1021/cb500244v,10.1021/cb500244v.s003,cb500244v_si_003.xlsx,Sheet1,580,D,D580
GH1NIMS0026,CBL17177.1_Ruminococcus-champanellensis-18P13,GH1 beta-glucosidase,xylobiose,NIMS,8,60,<0.1,below reported 0.1 conversion background; do not replace with numeric zero,0.1,3,NA,Bacteria,0.119,1,10.1021/cb500244v,10.1021/cb500244v.s003,cb500244v_si_003.xlsx,Sheet1,723,D,D723
GH1NIMS0027,AAY81155.1_Sulfolobus-acidocaldarius-DSM-639,GH1 beta-glucosidase,xylobiose,NIMS,8,80,<0.1,below reported 0.1 conversion background; do not replace with numeric zero,0.1,3,NA,Archaea,0.41724939466666666,1,10.1021/cb500244v,10.1021/cb500244v.s003,cb500244v_si_003.xlsx,Sheet1,149,D,D149
GH1NIMS0028,ACL70277.1_Halothermothrix-orenii-H-168,GH1 beta-glucosidase,xylobiose,NIMS,8,80,<0.1,below reported 0.1 conversion background; do not replace with numeric zero,0.1,3,NA,Bacteria,0.35209476266666667,1,10.1021/cb500244v,10.1021/cb500244v.s003,cb500244v_si_003.xlsx,Sheet1,357,D,D357
GH1NIMS0029,BAB05642.1_Bacillus-halodurans-C-125,GH1 beta-glucosidase,xylobiose,NIMS,8,80,<0.1,below reported 0.1 conversion background; do not replace with numeric zero,0.1,3,NA,Bacteria,0.21732892266666667,1,10.1021/cb500244v,10.1021/cb500244v.s003,cb500244v_si_003.xlsx,Sheet1,573,D,D573
GH1NIMS0030,CBL17177.1_Ruminococcus-champanellensis-18P13,GH1 beta-glucosidase,xylobiose,NIMS,8,80,<0.1,below reported 0.1 conversion background; do not replace with numeric zero,0.1,3,NA,Bacteria,0.119,1,10.1021/cb500244v,10.1021/cb500244v.s003,cb500244v_si_003.xlsx,Sheet1,724,D,D724
GH1NIMS0031,AAU92142.1_Methylococcus-capsulatus-str.-Bath,GH1 beta-glucosidase,xylobiose,NIMS,8,90,<0.1,below reported 0.1 conversion background; do not replace with numeric zero,0.1,3,NA,Bacteria,0.15334802933333333,1,10.1021/cb500244v,10.1021/cb500244v.s003,cb500244v_si_003.xlsx,Sheet1,134,D,D134
GH1NIMS0032,ACL70277.1_Halothermothrix-orenii-H-168,GH1 beta-glucosidase,xylobiose,NIMS,8,90,<0.1,below reported 0.1 conversion background; do not replace with numeric zero,0.1,3,NA,Bacteria,0.35209476266666667,1,10.1021/cb500244v,10.1021/cb500244v.s003,cb500244v_si_003.xlsx,Sheet1,358,D,D358
GH1NIMS0033,BAB05642.1_Bacillus-halodurans-C-125,GH1 beta-glucosidase,xylobiose,NIMS,8,90,<0.1,below reported 0.1 conversion background; do not replace with numeric zero,0.1,3,NA,Bacteria,0.21732892266666667,1,10.1021/cb500244v,10.1021/cb500244v.s003,cb500244v_si_003.xlsx,Sheet1,574,D,D574
GH1NIMS0034,CBL17177.1_Ruminococcus-champanellensis-18P13,GH1 beta-glucosidase,xylobiose,NIMS,8,90,<0.1,below reported 0.1 conversion background; do not replace with numeric zero,0.1,3,NA,Bacteria,0.119,1,10.1021/cb500244v,10.1021/cb500244v.s003,cb500244v_si_003.xlsx,Sheet1,725,D,D725
GH1NIMS0035,AAT59229.1_Bacillus-thuringiensis-serovar-konkukian-str.-97-27,GH1 beta-glucosidase,cellobiose,NIMS,5,40,<0.1,below reported 0.1 conversion background; do not replace with numeric zero,0.1,3,NA,Bacteria,0.49834905333333335,1,10.1021/cb500244v,10.1021/cb500244v.s003,cb500244v_si_003.xlsx,Sheet1,111,E,E111
GH1NIMS0036,ABV62413.1_Bacillus-pumilus-SAFR-032,GH1 beta-glucosidase,cellobiose,NIMS,5,40,<0.1,below reported 0.1 conversion background; do not replace with numeric zero,0.1,3,NA,Bacteria,0.97823708,1,10.1021/cb500244v,10.1021/cb500244v.s003,cb500244v_si_003.xlsx,Sheet1,495,E,E495
GH1NIMS0037,ADB09596.1_Bifidobacterium-dentium-Bd1,GH1 beta-glucosidase,cellobiose,NIMS,5,40,<0.1,below reported 0.1 conversion background; do not replace with numeric zero,0.1,3,NA,Bacteria,0.2589731626666667,1,10.1021/cb500244v,10.1021/cb500244v.s003,cb500244v_si_003.xlsx,Sheet1,463,E,E463
GH1NIMS0038,CAA52344.1_Streptomyces-rochei,GH1 beta-glucosidase,cellobiose,NIMS,5,40,<0.1,below reported 0.1 conversion background; do not replace with numeric zero,0.1,3,NA,Bacteria,0.3735347333333333,1,10.1021/cb500244v,10.1021/cb500244v.s003,cb500244v_si_003.xlsx,Sheet1,671,E,E671
GH1NIMS0039,CR_35_Cow_Rumen,GH1 beta-glucosidase,cellobiose,NIMS,5,40,<0.1,below reported 0.1 conversion background; do not replace with numeric zero,0.1,3,NA,Metagenome,0.40564728,1,10.1021/cb500244v,10.1021/cb500244v.s003,cb500244v_si_003.xlsx,Sheet1,830,E,E830
GH1NIMS0040,ABC92395.1_Rhizobium-etli-CFN-42,GH1 beta-glucosidase,cellobiose,NIMS,5,60,<0.1,below reported 0.1 conversion background; do not replace with numeric zero,0.1,3,NA,Bacteria,0.039918954666666666,1,10.1021/cb500244v,10.1021/cb500244v.s003,cb500244v_si_003.xlsx,Sheet1,168,E,E168
GH1NIMS0041,ACQ71106.1_Exiguobacterium-sp.-AT1b,GH1 beta-glucosidase,cellobiose,NIMS,5,60,<0.1,below reported 0.1 conversion background; do not replace with numeric zero,0.1,3,NA,Bacteria,0.074,1,10.1021/cb500244v,10.1021/cb500244v.s003,cb500244v_si_003.xlsx,Sheet1,408,E,E408
GH1NIMS0042,BAD77499.1_Geobacillus-kaustophilus-HTA426,GH1 beta-glucosidase,cellobiose,NIMS,5,60,<0.1,below reported 0.1 conversion background; do not replace with numeric zero,0.1,3,NA,Bacteria,0.5653601973333333,1,10.1021/cb500244v,10.1021/cb500244v.s003,cb500244v_si_003.xlsx,Sheet1,624,E,E624
GH1NIMS0043,CR_19_Cow_Rumen,GH1 beta-glucosidase,cellobiose,NIMS,5,60,<0.1,below reported 0.1 conversion background; do not replace with numeric zero,0.1,3,NA,Metagenome,0.7320564453333334,1,10.1021/cb500244v,10.1021/cb500244v.s003,cb500244v_si_003.xlsx,Sheet1,799,E,E799
GH1NIMS0044,ABC92395.1_Rhizobium-etli-CFN-42,GH1 beta-glucosidase,cellobiose,NIMS,5,80,<0.1,below reported 0.1 conversion background; do not replace with numeric zero,0.1,3,NA,Bacteria,0.039918954666666666,1,10.1021/cb500244v,10.1021/cb500244v.s003,cb500244v_si_003.xlsx,Sheet1,169,E,E169
GH1NIMS0045,ACQ71106.1_Exiguobacterium-sp.-AT1b,GH1 beta-glucosidase,cellobiose,NIMS,5,80,<0.1,below reported 0.1 conversion background; do not replace with numeric zero,0.1,3,NA,Bacteria,0.074,1,10.1021/cb500244v,10.1021/cb500244v.s003,cb500244v_si_003.xlsx,Sheet1,409,E,E409
GH1NIMS0046,BAC96154.1_Vibrio-vulnificus-YJ016,GH1 beta-glucosidase,cellobiose,NIMS,5,80,<0.1,below reported 0.1 conversion background; do not replace with numeric zero,0.1,3,NA,Bacteria,0.7501281333333333,1,10.1021/cb500244v,10.1021/cb500244v.s003,cb500244v_si_003.xlsx,Sheet1,593,E,E593
GH1NIMS0047,CR_14_Cow_Rumen,GH1 beta-glucosidase,cellobiose,NIMS,5,80,<0.1,below reported 0.1 conversion background; do not replace with numeric zero,0.1,3,NA,Metagenome,0.5445296906666667,1,10.1021/cb500244v,10.1021/cb500244v.s003,cb500244v_si_003.xlsx,Sheet1,808,E,E808
GH1NIMS0048,ABC33525.1_Hahella-chejuensis-KCTC-2396,GH1 beta-glucosidase,cellobiose,NIMS,5,90,<0.1,below reported 0.1 conversion background; do not replace with numeric zero,0.1,3,NA,Bacteria,0.127,1,10.1021/cb500244v,10.1021/cb500244v.s003,cb500244v_si_003.xlsx,Sheet1,162,E,E162
GH1NIMS0049,ACO44852.1_Deinococcus-deserti-VCD115,GH1 beta-glucosidase,cellobiose,NIMS,5,90,<0.1,below reported 0.1 conversion background; do not replace with numeric zero,0.1,3,NA,Bacteria,0.3874932053333333,1,10.1021/cb500244v,10.1021/cb500244v.s003,cb500244v_si_003.xlsx,Sheet1,394,E,E394
GH1NIMS0050,BAB59827.1_Thermoplasma-volcanium-GSS1,GH1 beta-glucosidase,cellobiose,NIMS,5,90,<0.1,below reported 0.1 conversion background; do not replace with numeric zero,0.1,3,NA,Archaea,0.39938303199999997,1,10.1021/cb500244v,10.1021/cb500244v.s003,cb500244v_si_003.xlsx,Sheet1,578,E,E578
GH1NIMS0051,CBL32986.1_Enterococcus-sp.-7L76,GH1 beta-glucosidase,cellobiose,NIMS,5,90,<0.1,below reported 0.1 conversion background; do not replace with numeric zero,0.1,3,NA,Bacteria,0.7380594239999999,1,10.1021/cb500244v,10.1021/cb500244v.s003,cb500244v_si_003.xlsx,Sheet1,761,E,E761
GH1NIMS0052,AAU43012.1_Bacillus-licheniformis-DSM-13-=-ATCC-14580,GH1 beta-glucosidase,cellobiose,NIMS,8,40,<0.1,below reported 0.1 conversion background; do not replace with numeric zero,0.1,3,NA,Bacteria,0.49012380533333333,1,10.1021/cb500244v,10.1021/cb500244v.s003,cb500244v_si_003.xlsx,Sheet1,123,E,E123
GH1NIMS0053,ACQ71106.1_Exiguobacterium-sp.-AT1b,GH1 beta-glucosidase,cellobiose,NIMS,8,40,<0.1,below reported 0.1 conversion background; do not replace with numeric zero,0.1,3,NA,Bacteria,0.074,1,10.1021/cb500244v,10.1021/cb500244v.s003,cb500244v_si_003.xlsx,Sheet1,411,E,E411
GH1NIMS0054,BAE04157.1_Staphylococcus-haemolyticus-JCSC1435,GH1 beta-glucosidase,cellobiose,NIMS,8,40,<0.1,below reported 0.1 conversion background; do not replace with numeric zero,0.1,3,NA,Bacteria,0.0872386,1,10.1021/cb500244v,10.1021/cb500244v.s003,cb500244v_si_003.xlsx,Sheet1,754,E,E754
GH1NIMS0055,CR_35_Cow_Rumen,GH1 beta-glucosidase,cellobiose,NIMS,8,40,<0.1,below reported 0.1 conversion background; do not replace with numeric zero,0.1,3,NA,Metagenome,0.40564728,1,10.1021/cb500244v,10.1021/cb500244v.s003,cb500244v_si_003.xlsx,Sheet1,834,E,E834
GH1NIMS0056,ABC33525.1_Hahella-chejuensis-KCTC-2396,GH1 beta-glucosidase,cellobiose,NIMS,8,60,<0.1,below reported 0.1 conversion background; do not replace with numeric zero,0.1,3,NA,Bacteria,0.127,1,10.1021/cb500244v,10.1021/cb500244v.s003,cb500244v_si_003.xlsx,Sheet1,164,E,E164
GH1NIMS0057,ACQ70805.1_Exiguobacterium-sp.-AT1b,GH1 beta-glucosidase,cellobiose,NIMS,8,60,<0.1,below reported 0.1 conversion background; do not replace with numeric zero,0.1,3,NA,Bacteria,0.15179274666666667,1,10.1021/cb500244v,10.1021/cb500244v.s003,cb500244v_si_003.xlsx,Sheet1,404,E,E404
GH1NIMS0058,BAD77499.1_Geobacillus-kaustophilus-HTA426,GH1 beta-glucosidase,cellobiose,NIMS,8,60,<0.1,below reported 0.1 conversion background; do not replace with numeric zero,0.1,3,NA,Bacteria,0.5653601973333333,1,10.1021/cb500244v,10.1021/cb500244v.s003,cb500244v_si_003.xlsx,Sheet1,628,E,E628
GH1NIMS0059,CR_14_Cow_Rumen,GH1 beta-glucosidase,cellobiose,NIMS,8,60,<0.1,below reported 0.1 conversion background; do not replace with numeric zero,0.1,3,NA,Metagenome,0.5445296906666667,1,10.1021/cb500244v,10.1021/cb500244v.s003,cb500244v_si_003.xlsx,Sheet1,811,E,E811
GH1NIMS0060,ABC92395.1_Rhizobium-etli-CFN-42,GH1 beta-glucosidase,cellobiose,NIMS,8,80,<0.1,below reported 0.1 conversion background; do not replace with numeric zero,0.1,3,NA,Bacteria,0.039918954666666666,1,10.1021/cb500244v,10.1021/cb500244v.s003,cb500244v_si_003.xlsx,Sheet1,173,E,E173
GH1NIMS0061,ACQ71106.1_Exiguobacterium-sp.-AT1b,GH1 beta-glucosidase,cellobiose,NIMS,8,80,<0.1,below reported 0.1 conversion background; do not replace with numeric zero,0.1,3,NA,Bacteria,0.074,1,10.1021/cb500244v,10.1021/cb500244v.s003,cb500244v_si_003.xlsx,Sheet1,413,E,E413
GH1NIMS0062,BAC96154.1_Vibrio-vulnificus-YJ016,GH1 beta-glucosidase,cellobiose,NIMS,8,80,<0.1,below reported 0.1 conversion background; do not replace with numeric zero,0.1,3,NA,Bacteria,0.7501281333333333,1,10.1021/cb500244v,10.1021/cb500244v.s003,cb500244v_si_003.xlsx,Sheet1,597,E,E597
GH1NIMS0063,CR_14_Cow_Rumen,GH1 beta-glucosidase,cellobiose,NIMS,8,80,<0.1,below reported 0.1 conversion background; do not replace with numeric zero,0.1,3,NA,Metagenome,0.5445296906666667,1,10.1021/cb500244v,10.1021/cb500244v.s003,cb500244v_si_003.xlsx,Sheet1,812,E,E812
GH1NIMS0064,AAZ81839.1_Alicyclobacillus-acidocaldarius,GH1 beta-glucosidase,cellobiose,NIMS,8,90,<0.1,below reported 0.1 conversion background; do not replace with numeric zero,0.1,3,NA,Bacteria,0.13115187733333333,1,10.1021/cb500244v,10.1021/cb500244v.s003,cb500244v_si_003.xlsx,Sheet1,158,E,E158
GH1NIMS0065,ACM06095.1_Thermomicrobium-roseum-DSM-5159,GH1 beta-glucosidase,cellobiose,NIMS,8,90,<0.1,below reported 0.1 conversion background; do not replace with numeric zero,0.1,3,NA,Bacteria,0.06763264533333332,1,10.1021/cb500244v,10.1021/cb500244v.s003,cb500244v_si_003.xlsx,Sheet1,382,E,E382
GH1NIMS0066,BAC14719.1_Oceanobacillus-iheyensis-HTE831,GH1 beta-glucosidase,cellobiose,NIMS,8,90,<0.1,below reported 0.1 conversion background; do not replace with numeric zero,0.1,3,NA,Bacteria,0.11919505600000001,1,10.1021/cb500244v,10.1021/cb500244v.s003,cb500244v_si_003.xlsx,Sheet1,590,E,E590
GH1NIMS0067,CBL17177.1_Ruminococcus-champanellensis-18P13,GH1 beta-glucosidase,cellobiose,NIMS,8,90,<0.1,below reported 0.1 conversion background; do not replace with numeric zero,0.1,3,NA,Bacteria,0.119,1,10.1021/cb500244v,10.1021/cb500244v.s003,cb500244v_si_003.xlsx,Sheet1,725,E,E725
GH1NIMS0068,AAU92142.1_Methylococcus-capsulatus-str.-Bath,GH1 beta-glucosidase,lactose,NIMS,5,40,<0.1,below reported 0.1 conversion background; do not replace with numeric zero,0.1,3,NA,Bacteria,0.15334802933333333,1,10.1021/cb500244v,10.1021/cb500244v.s003,cb500244v_si_003.xlsx,Sheet1,127,F,F127
GH1NIMS0069,ACJ34717.1_Anoxybacillus-flavithermus-WK1,GH1 beta-glucosidase,lactose,NIMS,5,40,<0.1,below reported 0.1 conversion background; do not replace with numeric zero,0.1,3,NA,Bacteria,0.19931475733333334,1,10.1021/cb500244v,10.1021/cb500244v.s003,cb500244v_si_003.xlsx,Sheet1,311,F,F311
GH1NIMS0070,BAC14719.1_Oceanobacillus-iheyensis-HTE831,GH1 beta-glucosidase,lactose,NIMS,5,40,<0.1,below reported 0.1 conversion background; do not replace with numeric zero,0.1,3,NA,Bacteria,0.11919505600000001,1,10.1021/cb500244v,10.1021/cb500244v.s003,cb500244v_si_003.xlsx,Sheet1,583,F,F583
GH1NIMS0071,CR_23_Cow_Rumen,GH1 beta-glucosidase,lactose,NIMS,5,40,<0.1,below reported 0.1 conversion background; do not replace with numeric zero,0.1,3,NA,Metagenome,0.8231925760000001,1,10.1021/cb500244v,10.1021/cb500244v.s003,cb500244v_si_003.xlsx,Sheet1,790,F,F790
GH1NIMS0072,ABC92395.1_Rhizobium-etli-CFN-42,GH1 beta-glucosidase,lactose,NIMS,5,60,<0.1,below reported 0.1 conversion background; do not replace with numeric zero,0.1,3,NA,Bacteria,0.039918954666666666,1,10.1021/cb500244v,10.1021/cb500244v.s003,cb500244v_si_003.xlsx,Sheet1,168,F,F168
GH1NIMS0073,ACQ70805.1_Exiguobacterium-sp.-AT1b,GH1 beta-glucosidase,lactose,NIMS,5,60,<0.1,below reported 0.1 conversion background; do not replace with numeric zero,0.1,3,NA,Bacteria,0.15179274666666667,1,10.1021/cb500244v,10.1021/cb500244v.s003,cb500244v_si_003.xlsx,Sheet1,400,F,F400
GH1NIMS0074,BAD77499.1_Geobacillus-kaustophilus-HTA426,GH1 beta-glucosidase,lactose,NIMS,5,60,<0.1,below reported 0.1 conversion background; do not replace with numeric zero,0.1,3,NA,Bacteria,0.5653601973333333,1,10.1021/cb500244v,10.1021/cb500244v.s003,cb500244v_si_003.xlsx,Sheet1,624,F,F624
GH1NIMS0075,CR_19_Cow_Rumen,GH1 beta-glucosidase,lactose,NIMS,5,60,<0.1,below reported 0.1 conversion background; do not replace with numeric zero,0.1,3,NA,Metagenome,0.7320564453333334,1,10.1021/cb500244v,10.1021/cb500244v.s003,cb500244v_si_003.xlsx,Sheet1,799,F,F799
GH1NIMS0076,ABC92395.1_Rhizobium-etli-CFN-42,GH1 beta-glucosidase,lactose,NIMS,5,80,<0.1,below reported 0.1 conversion background; do not replace with numeric zero,0.1,3,NA,Bacteria,0.039918954666666666,1,10.1021/cb500244v,10.1021/cb500244v.s003,cb500244v_si_003.xlsx,Sheet1,169,F,F169
GH1NIMS0077,ACQ71106.1_Exiguobacterium-sp.-AT1b,GH1 beta-glucosidase,lactose,NIMS,5,80,<0.1,below reported 0.1 conversion background; do not replace with numeric zero,0.1,3,NA,Bacteria,0.074,1,10.1021/cb500244v,10.1021/cb500244v.s003,cb500244v_si_003.xlsx,Sheet1,409,F,F409
GH1NIMS0078,BAD76141.1_Geobacillus-kaustophilus-HTA426,GH1 beta-glucosidase,lactose,NIMS,5,80,<0.1,below reported 0.1 conversion background; do not replace with numeric zero,0.1,3,NA,Bacteria,0.6337115306666667,1,10.1021/cb500244v,10.1021/cb500244v.s003,cb500244v_si_003.xlsx,Sheet1,609,F,F609
GH1NIMS0079,CR_14_Cow_Rumen,GH1 beta-glucosidase,lactose,NIMS,5,80,<0.1,below reported 0.1 conversion background; do not replace with numeric zero,0.1,3,NA,Metagenome,0.5445296906666667,1,10.1021/cb500244v,10.1021/cb500244v.s003,cb500244v_si_003.xlsx,Sheet1,808,F,F808
GH1NIMS0080,ABC33525.1_Hahella-chejuensis-KCTC-2396,GH1 beta-glucosidase,lactose,NIMS,5,90,<0.1,below reported 0.1 conversion background; do not replace with numeric zero,0.1,3,NA,Bacteria,0.127,1,10.1021/cb500244v,10.1021/cb500244v.s003,cb500244v_si_003.xlsx,Sheet1,162,F,F162
GH1NIMS0081,ACO44852.1_Deinococcus-deserti-VCD115,GH1 beta-glucosidase,lactose,NIMS,5,90,<0.1,below reported 0.1 conversion background; do not replace with numeric zero,0.1,3,NA,Bacteria,0.3874932053333333,1,10.1021/cb500244v,10.1021/cb500244v.s003,cb500244v_si_003.xlsx,Sheet1,394,F,F394
GH1NIMS0082,BAB59827.1_Thermoplasma-volcanium-GSS1,GH1 beta-glucosidase,lactose,NIMS,5,90,<0.1,below reported 0.1 conversion background; do not replace with numeric zero,0.1,3,NA,Archaea,0.39938303199999997,1,10.1021/cb500244v,10.1021/cb500244v.s003,cb500244v_si_003.xlsx,Sheet1,578,F,F578
GH1NIMS0083,CBL32986.1_Enterococcus-sp.-7L76,GH1 beta-glucosidase,lactose,NIMS,5,90,<0.1,below reported 0.1 conversion background; do not replace with numeric zero,0.1,3,NA,Bacteria,0.7380594239999999,1,10.1021/cb500244v,10.1021/cb500244v.s003,cb500244v_si_003.xlsx,Sheet1,761,F,F761
GH1NIMS0084,AAU43012.1_Bacillus-licheniformis-DSM-13-=-ATCC-14580,GH1 beta-glucosidase,lactose,NIMS,8,40,<0.1,below reported 0.1 conversion background; do not replace with numeric zero,0.1,3,NA,Bacteria,0.49012380533333333,1,10.1021/cb500244v,10.1021/cb500244v.s003,cb500244v_si_003.xlsx,Sheet1,123,F,F123
GH1NIMS0085,ABY33610.1_Chloroflexus-aurantiacus-J-10-fl,GH1 beta-glucosidase,lactose,NIMS,8,40,<0.1,below reported 0.1 conversion background; do not replace with numeric zero,0.1,3,NA,Bacteria,0.287223008,1,10.1021/cb500244v,10.1021/cb500244v.s003,cb500244v_si_003.xlsx,Sheet1,291,F,F291
GH1NIMS0086,ADG73989.1_Cellulomonas-flavigena-DSM-20109,GH1 beta-glucosidase,lactose,NIMS,8,40,<0.1,below reported 0.1 conversion background; do not replace with numeric zero,0.1,3,NA,Bacteria,0.5357745039999999,1,10.1021/cb500244v,10.1021/cb500244v.s003,cb500244v_si_003.xlsx,Sheet1,507,F,F507
GH1NIMS0087,CAJ88232.1_Streptomyces-ambofaciens-ATCC-23877,GH1 beta-glucosidase,lactose,NIMS,8,40,<0.1,below reported 0.1 conversion background; do not replace with numeric zero,0.1,3,NA,Bacteria,0.10772772000000001,1,10.1021/cb500244v,10.1021/cb500244v.s003,cb500244v_si_003.xlsx,Sheet1,698,F,F698
GH1NIMS0088,CR_35_Cow_Rumen,GH1 beta-glucosidase,lactose,NIMS,8,40,<0.1,below reported 0.1 conversion background; do not replace with numeric zero,0.1,3,NA,Metagenome,0.40564728,1,10.1021/cb500244v,10.1021/cb500244v.s003,cb500244v_si_003.xlsx,Sheet1,834,F,F834
GH1NIMS0089,ABC33525.1_Hahella-chejuensis-KCTC-2396,GH1 beta-glucosidase,lactose,NIMS,8,60,<0.1,below reported 0.1 conversion background; do not replace with numeric zero,0.1,3,NA,Bacteria,0.127,1,10.1021/cb500244v,10.1021/cb500244v.s003,cb500244v_si_003.xlsx,Sheet1,164,F,F164
GH1NIMS0090,ACQ71106.1_Exiguobacterium-sp.-AT1b,GH1 beta-glucosidase,lactose,NIMS,8,60,<0.1,below reported 0.1 conversion background; do not replace with numeric zero,0.1,3,NA,Bacteria,0.074,1,10.1021/cb500244v,10.1021/cb500244v.s003,cb500244v_si_003.xlsx,Sheet1,412,F,F412
GH1NIMS0091,BAD77499.1_Geobacillus-kaustophilus-HTA426,GH1 beta-glucosidase,lactose,NIMS,8,60,<0.1,below reported 0.1 conversion background; do not replace with numeric zero,0.1,3,NA,Bacteria,0.5653601973333333,1,10.1021/cb500244v,10.1021/cb500244v.s003,cb500244v_si_003.xlsx,Sheet1,628,F,F628
GH1NIMS0092,CR_23_Cow_Rumen,GH1 beta-glucosidase,lactose,NIMS,8,60,<0.1,below reported 0.1 conversion background; do not replace with numeric zero,0.1,3,NA,Metagenome,0.8231925760000001,1,10.1021/cb500244v,10.1021/cb500244v.s003,cb500244v_si_003.xlsx,Sheet1,795,F,F795
GH1NIMS0093,ABC92395.1_Rhizobium-etli-CFN-42,GH1 beta-glucosidase,lactose,NIMS,8,80,<0.1,below reported 0.1 conversion background; do not replace with numeric zero,0.1,3,NA,Bacteria,0.039918954666666666,1,10.1021/cb500244v,10.1021/cb500244v.s003,cb500244v_si_003.xlsx,Sheet1,173,F,F173
GH1NIMS0094,ACQ70805.1_Exiguobacterium-sp.-AT1b,GH1 beta-glucosidase,lactose,NIMS,8,80,<0.1,below reported 0.1 conversion background; do not replace with numeric zero,0.1,3,NA,Bacteria,0.15179274666666667,1,10.1021/cb500244v,10.1021/cb500244v.s003,cb500244v_si_003.xlsx,Sheet1,405,F,F405
GH1NIMS0095,BAC96154.1_Vibrio-vulnificus-YJ016,GH1 beta-glucosidase,lactose,NIMS,8,80,<0.1,below reported 0.1 conversion background; do not replace with numeric zero,0.1,3,NA,Bacteria,0.7501281333333333,1,10.1021/cb500244v,10.1021/cb500244v.s003,cb500244v_si_003.xlsx,Sheet1,597,F,F597
GH1NIMS0096,CR_14_Cow_Rumen,GH1 beta-glucosidase,lactose,NIMS,8,80,<0.1,below reported 0.1 conversion background; do not replace with numeric zero,0.1,3,NA,Metagenome,0.5445296906666667,1,10.1021/cb500244v,10.1021/cb500244v.s003,cb500244v_si_003.xlsx,Sheet1,812,F,F812
GH1NIMS0097,ABC33525.1_Hahella-chejuensis-KCTC-2396,GH1 beta-glucosidase,lactose,NIMS,8,90,<0.1,below reported 0.1 conversion background; do not replace with numeric zero,0.1,3,NA,Bacteria,0.127,1,10.1021/cb500244v,10.1021/cb500244v.s003,cb500244v_si_003.xlsx,Sheet1,166,F,F166
GH1NIMS0098,ACM06095.1_Thermomicrobium-roseum-DSM-5159,GH1 beta-glucosidase,lactose,NIMS,8,90,<0.1,below reported 0.1 conversion background; do not replace with numeric zero,0.1,3,NA,Bacteria,0.06763264533333332,1,10.1021/cb500244v,10.1021/cb500244v.s003,cb500244v_si_003.xlsx,Sheet1,382,F,F382
GH1NIMS0099,BAB59827.1_Thermoplasma-volcanium-GSS1,GH1 beta-glucosidase,lactose,NIMS,8,90,<0.1,below reported 0.1 conversion background; do not replace with numeric zero,0.1,3,NA,Archaea,0.39938303199999997,1,10.1021/cb500244v,10.1021/cb500244v.s003,cb500244v_si_003.xlsx,Sheet1,582,F,F582
GH1NIMS0100,CBL17177.1_Ruminococcus-champanellensis-18P13,GH1 beta-glucosidase,lactose,NIMS,8,90,<0.1,below reported 0.1 conversion background; do not replace with numeric zero,0.1,3,NA,Bacteria,0.119,1,10.1021/cb500244v,10.1021/cb500244v.s003,cb500244v_si_003.xlsx,Sheet1,725,F,F725
