protein_accession_species,ncbi_accession,substrate,assay_modality,pH,temperature_C,mean_conversion_rate_raw,label_interpretation,background_threshold_conversion_rate,biological_replicates_reported,coefficient_of_variation_raw,kingdom,soluble_expression_mg_ml,expression_binary,expression_status,included_in_core_candidate_pool,source_article_doi,source_supplement_doi,source_file,source_sheet,source_excel_row,source_excel_column,source_cell
AAL34084.2_Rasamsonia-emersonii,AAL34084.2,xylobiose,NIMS,5,40,<0.1,below reported 0.1 conversion background; not numeric zero,0.1,3,NA,Eukaryota,0.002,0,expression_binary=0,false,10.1021/cb500244v,10.1021/cb500244v.s003,cb500244v_si_003.xlsx,Sheet1,71,D,D71
AAL34084.2_Rasamsonia-emersonii,AAL34084.2,cellobiose,NIMS,5,40,<0.1,below reported 0.1 conversion background; not numeric zero,0.1,3,NA,Eukaryota,0.002,0,expression_binary=0,false,10.1021/cb500244v,10.1021/cb500244v.s003,cb500244v_si_003.xlsx,Sheet1,71,E,E71
AAL34084.2_Rasamsonia-emersonii,AAL34084.2,lactose,NIMS,5,40,<0.1,below reported 0.1 conversion background; not numeric zero,0.1,3,NA,Eukaryota,0.002,0,expression_binary=0,false,10.1021/cb500244v,10.1021/cb500244v.s003,cb500244v_si_003.xlsx,Sheet1,71,F,F71
AAL34084.2_Rasamsonia-emersonii,AAL34084.2,xylobiose,NIMS,5,60,<0.1,below reported 0.1 conversion background; not numeric zero,0.1,3,NA,Eukaryota,0.002,0,expression_binary=0,false,10.1021/cb500244v,10.1021/cb500244v.s003,cb500244v_si_003.xlsx,Sheet1,72,D,D72
AAL34084.2_Rasamsonia-emersonii,AAL34084.2,cellobiose,NIMS,5,60,<0.1,below reported 0.1 conversion background; not numeric zero,0.1,3,NA,Eukaryota,0.002,0,expression_binary=0,false,10.1021/cb500244v,10.1021/cb500244v.s003,cb500244v_si_003.xlsx,Sheet1,72,E,E72
AAL34084.2_Rasamsonia-emersonii,AAL34084.2,lactose,NIMS,5,60,<0.1,below reported 0.1 conversion background; not numeric zero,0.1,3,NA,Eukaryota,0.002,0,expression_binary=0,false,10.1021/cb500244v,10.1021/cb500244v.s003,cb500244v_si_003.xlsx,Sheet1,72,F,F72
AAL34084.2_Rasamsonia-emersonii,AAL34084.2,xylobiose,NIMS,5,80,<0.1,below reported 0.1 conversion background; not numeric zero,0.1,3,NA,Eukaryota,0.002,0,expression_binary=0,false,10.1021/cb500244v,10.1021/cb500244v.s003,cb500244v_si_003.xlsx,Sheet1,73,D,D73
AAL34084.2_Rasamsonia-emersonii,AAL34084.2,cellobiose,NIMS,5,80,<0.1,below reported 0.1 conversion background; not numeric zero,0.1,3,NA,Eukaryota,0.002,0,expression_binary=0,false,10.1021/cb500244v,10.1021/cb500244v.s003,cb500244v_si_003.xlsx,Sheet1,73,E,E73
AAL34084.2_Rasamsonia-emersonii,AAL34084.2,lactose,NIMS,5,80,<0.1,below reported 0.1 conversion background; not numeric zero,0.1,3,NA,Eukaryota,0.002,0,expression_binary=0,false,10.1021/cb500244v,10.1021/cb500244v.s003,cb500244v_si_003.xlsx,Sheet1,73,F,F73
AAL34084.2_Rasamsonia-emersonii,AAL34084.2,xylobiose,NIMS,5,90,<0.1,below reported 0.1 conversion background; not numeric zero,0.1,3,NA,Eukaryota,0.002,0,expression_binary=0,false,10.1021/cb500244v,10.1021/cb500244v.s003,cb500244v_si_003.xlsx,Sheet1,74,D,D74
AAL34084.2_Rasamsonia-emersonii,AAL34084.2,cellobiose,NIMS,5,90,<0.1,below reported 0.1 conversion background; not numeric zero,0.1,3,NA,Eukaryota,0.002,0,expression_binary=0,false,10.1021/cb500244v,10.1021/cb500244v.s003,cb500244v_si_003.xlsx,Sheet1,74,E,E74
AAL34084.2_Rasamsonia-emersonii,AAL34084.2,lactose,NIMS,5,90,<0.1,below reported 0.1 conversion background; not numeric zero,0.1,3,NA,Eukaryota,0.002,0,expression_binary=0,false,10.1021/cb500244v,10.1021/cb500244v.s003,cb500244v_si_003.xlsx,Sheet1,74,F,F74
AAL34084.2_Rasamsonia-emersonii,AAL34084.2,xylobiose,NIMS,8,40,<0.1,below reported 0.1 conversion background; not numeric zero,0.1,3,NA,Eukaryota,0.002,0,expression_binary=0,false,10.1021/cb500244v,10.1021/cb500244v.s003,cb500244v_si_003.xlsx,Sheet1,75,D,D75
AAL34084.2_Rasamsonia-emersonii,AAL34084.2,cellobiose,NIMS,8,40,<0.1,below reported 0.1 conversion background; not numeric zero,0.1,3,NA,Eukaryota,0.002,0,expression_binary=0,false,10.1021/cb500244v,10.1021/cb500244v.s003,cb500244v_si_003.xlsx,Sheet1,75,E,E75
AAL34084.2_Rasamsonia-emersonii,AAL34084.2,lactose,NIMS,8,40,<0.1,below reported 0.1 conversion background; not numeric zero,0.1,3,NA,Eukaryota,0.002,0,expression_binary=0,false,10.1021/cb500244v,10.1021/cb500244v.s003,cb500244v_si_003.xlsx,Sheet1,75,F,F75
AAL34084.2_Rasamsonia-emersonii,AAL34084.2,xylobiose,NIMS,8,60,<0.1,below reported 0.1 conversion background; not numeric zero,0.1,3,NA,Eukaryota,0.002,0,expression_binary=0,false,10.1021/cb500244v,10.1021/cb500244v.s003,cb500244v_si_003.xlsx,Sheet1,76,D,D76
AAL34084.2_Rasamsonia-emersonii,AAL34084.2,cellobiose,NIMS,8,60,<0.1,below reported 0.1 conversion background; not numeric zero,0.1,3,NA,Eukaryota,0.002,0,expression_binary=0,false,10.1021/cb500244v,10.1021/cb500244v.s003,cb500244v_si_003.xlsx,Sheet1,76,E,E76
AAL34084.2_Rasamsonia-emersonii,AAL34084.2,lactose,NIMS,8,60,<0.1,below reported 0.1 conversion background; not numeric zero,0.1,3,NA,Eukaryota,0.002,0,expression_binary=0,false,10.1021/cb500244v,10.1021/cb500244v.s003,cb500244v_si_003.xlsx,Sheet1,76,F,F76
AAL34084.2_Rasamsonia-emersonii,AAL34084.2,xylobiose,NIMS,8,80,<0.1,below reported 0.1 conversion background; not numeric zero,0.1,3,NA,Eukaryota,0.002,0,expression_binary=0,false,10.1021/cb500244v,10.1021/cb500244v.s003,cb500244v_si_003.xlsx,Sheet1,77,D,D77
AAL34084.2_Rasamsonia-emersonii,AAL34084.2,cellobiose,NIMS,8,80,<0.1,below reported 0.1 conversion background; not numeric zero,0.1,3,NA,Eukaryota,0.002,0,expression_binary=0,false,10.1021/cb500244v,10.1021/cb500244v.s003,cb500244v_si_003.xlsx,Sheet1,77,E,E77
AAL34084.2_Rasamsonia-emersonii,AAL34084.2,lactose,NIMS,8,80,<0.1,below reported 0.1 conversion background; not numeric zero,0.1,3,NA,Eukaryota,0.002,0,expression_binary=0,false,10.1021/cb500244v,10.1021/cb500244v.s003,cb500244v_si_003.xlsx,Sheet1,77,F,F77
AAL34084.2_Rasamsonia-emersonii,AAL34084.2,xylobiose,NIMS,8,90,<0.1,below reported 0.1 conversion background; not numeric zero,0.1,3,NA,Eukaryota,0.002,0,expression_binary=0,false,10.1021/cb500244v,10.1021/cb500244v.s003,cb500244v_si_003.xlsx,Sheet1,78,D,D78
AAL34084.2_Rasamsonia-emersonii,AAL34084.2,cellobiose,NIMS,8,90,<0.1,below reported 0.1 conversion background; not numeric zero,0.1,3,NA,Eukaryota,0.002,0,expression_binary=0,false,10.1021/cb500244v,10.1021/cb500244v.s003,cb500244v_si_003.xlsx,Sheet1,78,E,E78
AAL34084.2_Rasamsonia-emersonii,AAL34084.2,lactose,NIMS,8,90,<0.1,below reported 0.1 conversion background; not numeric zero,0.1,3,NA,Eukaryota,0.002,0,expression_binary=0,false,10.1021/cb500244v,10.1021/cb500244v.s003,cb500244v_si_003.xlsx,Sheet1,78,F,F78
AAT44038.1_Picrophilus-torridus-DSM-9790,AAT44038.1,xylobiose,NIMS,5,40,<0.1,below reported 0.1 conversion background; not numeric zero,0.1,3,NA,Archaea,0.004,0,expression_binary=0,false,10.1021/cb500244v,10.1021/cb500244v.s003,cb500244v_si_003.xlsx,Sheet1,103,D,D103
AAT44038.1_Picrophilus-torridus-DSM-9790,AAT44038.1,cellobiose,NIMS,5,40,<0.1,below reported 0.1 conversion background; not numeric zero,0.1,3,NA,Archaea,0.004,0,expression_binary=0,false,10.1021/cb500244v,10.1021/cb500244v.s003,cb500244v_si_003.xlsx,Sheet1,103,E,E103
AAT44038.1_Picrophilus-torridus-DSM-9790,AAT44038.1,lactose,NIMS,5,40,<0.1,below reported 0.1 conversion background; not numeric zero,0.1,3,NA,Archaea,0.004,0,expression_binary=0,false,10.1021/cb500244v,10.1021/cb500244v.s003,cb500244v_si_003.xlsx,Sheet1,103,F,F103
AAT44038.1_Picrophilus-torridus-DSM-9790,AAT44038.1,xylobiose,NIMS,5,60,<0.1,below reported 0.1 conversion background; not numeric zero,0.1,3,NA,Archaea,0.004,0,expression_binary=0,false,10.1021/cb500244v,10.1021/cb500244v.s003,cb500244v_si_003.xlsx,Sheet1,104,D,D104
AAT44038.1_Picrophilus-torridus-DSM-9790,AAT44038.1,cellobiose,NIMS,5,60,<0.1,below reported 0.1 conversion background; not numeric zero,0.1,3,NA,Archaea,0.004,0,expression_binary=0,false,10.1021/cb500244v,10.1021/cb500244v.s003,cb500244v_si_003.xlsx,Sheet1,104,E,E104
AAT44038.1_Picrophilus-torridus-DSM-9790,AAT44038.1,lactose,NIMS,5,60,<0.1,below reported 0.1 conversion background; not numeric zero,0.1,3,NA,Archaea,0.004,0,expression_binary=0,false,10.1021/cb500244v,10.1021/cb500244v.s003,cb500244v_si_003.xlsx,Sheet1,104,F,F104
AAT44038.1_Picrophilus-torridus-DSM-9790,AAT44038.1,xylobiose,NIMS,5,80,<0.1,below reported 0.1 conversion background; not numeric zero,0.1,3,NA,Archaea,0.004,0,expression_binary=0,false,10.1021/cb500244v,10.1021/cb500244v.s003,cb500244v_si_003.xlsx,Sheet1,105,D,D105
AAT44038.1_Picrophilus-torridus-DSM-9790,AAT44038.1,cellobiose,NIMS,5,80,<0.1,below reported 0.1 conversion background; not numeric zero,0.1,3,NA,Archaea,0.004,0,expression_binary=0,false,10.1021/cb500244v,10.1021/cb500244v.s003,cb500244v_si_003.xlsx,Sheet1,105,E,E105
AAT44038.1_Picrophilus-torridus-DSM-9790,AAT44038.1,lactose,NIMS,5,80,<0.1,below reported 0.1 conversion background; not numeric zero,0.1,3,NA,Archaea,0.004,0,expression_binary=0,false,10.1021/cb500244v,10.1021/cb500244v.s003,cb500244v_si_003.xlsx,Sheet1,105,F,F105
AAT44038.1_Picrophilus-torridus-DSM-9790,AAT44038.1,xylobiose,NIMS,5,90,<0.1,below reported 0.1 conversion background; not numeric zero,0.1,3,NA,Archaea,0.004,0,expression_binary=0,false,10.1021/cb500244v,10.1021/cb500244v.s003,cb500244v_si_003.xlsx,Sheet1,106,D,D106
AAT44038.1_Picrophilus-torridus-DSM-9790,AAT44038.1,cellobiose,NIMS,5,90,<0.1,below reported 0.1 conversion background; not numeric zero,0.1,3,NA,Archaea,0.004,0,expression_binary=0,false,10.1021/cb500244v,10.1021/cb500244v.s003,cb500244v_si_003.xlsx,Sheet1,106,E,E106
AAT44038.1_Picrophilus-torridus-DSM-9790,AAT44038.1,lactose,NIMS,5,90,<0.1,below reported 0.1 conversion background; not numeric zero,0.1,3,NA,Archaea,0.004,0,expression_binary=0,false,10.1021/cb500244v,10.1021/cb500244v.s003,cb500244v_si_003.xlsx,Sheet1,106,F,F106
AAT44038.1_Picrophilus-torridus-DSM-9790,AAT44038.1,xylobiose,NIMS,8,40,<0.1,below reported 0.1 conversion background; not numeric zero,0.1,3,NA,Archaea,0.004,0,expression_binary=0,false,10.1021/cb500244v,10.1021/cb500244v.s003,cb500244v_si_003.xlsx,Sheet1,107,D,D107
AAT44038.1_Picrophilus-torridus-DSM-9790,AAT44038.1,cellobiose,NIMS,8,40,<0.1,below reported 0.1 conversion background; not numeric zero,0.1,3,NA,Archaea,0.004,0,expression_binary=0,false,10.1021/cb500244v,10.1021/cb500244v.s003,cb500244v_si_003.xlsx,Sheet1,107,E,E107
AAT44038.1_Picrophilus-torridus-DSM-9790,AAT44038.1,lactose,NIMS,8,40,<0.1,below reported 0.1 conversion background; not numeric zero,0.1,3,NA,Archaea,0.004,0,expression_binary=0,false,10.1021/cb500244v,10.1021/cb500244v.s003,cb500244v_si_003.xlsx,Sheet1,107,F,F107
AAT44038.1_Picrophilus-torridus-DSM-9790,AAT44038.1,xylobiose,NIMS,8,60,<0.1,below reported 0.1 conversion background; not numeric zero,0.1,3,NA,Archaea,0.004,0,expression_binary=0,false,10.1021/cb500244v,10.1021/cb500244v.s003,cb500244v_si_003.xlsx,Sheet1,108,D,D108
AAT44038.1_Picrophilus-torridus-DSM-9790,AAT44038.1,cellobiose,NIMS,8,60,<0.1,below reported 0.1 conversion background; not numeric zero,0.1,3,NA,Archaea,0.004,0,expression_binary=0,false,10.1021/cb500244v,10.1021/cb500244v.s003,cb500244v_si_003.xlsx,Sheet1,108,E,E108
AAT44038.1_Picrophilus-torridus-DSM-9790,AAT44038.1,lactose,NIMS,8,60,<0.1,below reported 0.1 conversion background; not numeric zero,0.1,3,NA,Archaea,0.004,0,expression_binary=0,false,10.1021/cb500244v,10.1021/cb500244v.s003,cb500244v_si_003.xlsx,Sheet1,108,F,F108
AAT44038.1_Picrophilus-torridus-DSM-9790,AAT44038.1,xylobiose,NIMS,8,80,<0.1,below reported 0.1 conversion background; not numeric zero,0.1,3,NA,Archaea,0.004,0,expression_binary=0,false,10.1021/cb500244v,10.1021/cb500244v.s003,cb500244v_si_003.xlsx,Sheet1,109,D,D109
AAT44038.1_Picrophilus-torridus-DSM-9790,AAT44038.1,cellobiose,NIMS,8,80,<0.1,below reported 0.1 conversion background; not numeric zero,0.1,3,NA,Archaea,0.004,0,expression_binary=0,false,10.1021/cb500244v,10.1021/cb500244v.s003,cb500244v_si_003.xlsx,Sheet1,109,E,E109
AAT44038.1_Picrophilus-torridus-DSM-9790,AAT44038.1,lactose,NIMS,8,80,<0.1,below reported 0.1 conversion background; not numeric zero,0.1,3,NA,Archaea,0.004,0,expression_binary=0,false,10.1021/cb500244v,10.1021/cb500244v.s003,cb500244v_si_003.xlsx,Sheet1,109,F,F109
AAT44038.1_Picrophilus-torridus-DSM-9790,AAT44038.1,xylobiose,NIMS,8,90,<0.1,below reported 0.1 conversion background; not numeric zero,0.1,3,NA,Archaea,0.004,0,expression_binary=0,false,10.1021/cb500244v,10.1021/cb500244v.s003,cb500244v_si_003.xlsx,Sheet1,110,D,D110
AAT44038.1_Picrophilus-torridus-DSM-9790,AAT44038.1,cellobiose,NIMS,8,90,<0.1,below reported 0.1 conversion background; not numeric zero,0.1,3,NA,Archaea,0.004,0,expression_binary=0,false,10.1021/cb500244v,10.1021/cb500244v.s003,cb500244v_si_003.xlsx,Sheet1,110,E,E110
AAT44038.1_Picrophilus-torridus-DSM-9790,AAT44038.1,lactose,NIMS,8,90,<0.1,below reported 0.1 conversion background; not numeric zero,0.1,3,NA,Archaea,0.004,0,expression_binary=0,false,10.1021/cb500244v,10.1021/cb500244v.s003,cb500244v_si_003.xlsx,Sheet1,110,F,F110
AAX07701.1_Magnaporthe-grisea,AAX07701.1,xylobiose,NIMS,5,40,<0.1,below reported 0.1 conversion background; not numeric zero,0.1,3,NA,Eukaryota,0.004,0,expression_binary=0,false,10.1021/cb500244v,10.1021/cb500244v.s003,cb500244v_si_003.xlsx,Sheet1,135,D,D135
AAX07701.1_Magnaporthe-grisea,AAX07701.1,cellobiose,NIMS,5,40,<0.1,below reported 0.1 conversion background; not numeric zero,0.1,3,NA,Eukaryota,0.004,0,expression_binary=0,false,10.1021/cb500244v,10.1021/cb500244v.s003,cb500244v_si_003.xlsx,Sheet1,135,E,E135
AAX07701.1_Magnaporthe-grisea,AAX07701.1,lactose,NIMS,5,40,<0.1,below reported 0.1 conversion background; not numeric zero,0.1,3,NA,Eukaryota,0.004,0,expression_binary=0,false,10.1021/cb500244v,10.1021/cb500244v.s003,cb500244v_si_003.xlsx,Sheet1,135,F,F135
AAX07701.1_Magnaporthe-grisea,AAX07701.1,xylobiose,NIMS,5,60,<0.1,below reported 0.1 conversion background; not numeric zero,0.1,3,NA,Eukaryota,0.004,0,expression_binary=0,false,10.1021/cb500244v,10.1021/cb500244v.s003,cb500244v_si_003.xlsx,Sheet1,136,D,D136
AAX07701.1_Magnaporthe-grisea,AAX07701.1,cellobiose,NIMS,5,60,<0.1,below reported 0.1 conversion background; not numeric zero,0.1,3,NA,Eukaryota,0.004,0,expression_binary=0,false,10.1021/cb500244v,10.1021/cb500244v.s003,cb500244v_si_003.xlsx,Sheet1,136,E,E136
AAX07701.1_Magnaporthe-grisea,AAX07701.1,lactose,NIMS,5,60,<0.1,below reported 0.1 conversion background; not numeric zero,0.1,3,NA,Eukaryota,0.004,0,expression_binary=0,false,10.1021/cb500244v,10.1021/cb500244v.s003,cb500244v_si_003.xlsx,Sheet1,136,F,F136
AAX07701.1_Magnaporthe-grisea,AAX07701.1,xylobiose,NIMS,5,80,<0.1,below reported 0.1 conversion background; not numeric zero,0.1,3,NA,Eukaryota,0.004,0,expression_binary=0,false,10.1021/cb500244v,10.1021/cb500244v.s003,cb500244v_si_003.xlsx,Sheet1,137,D,D137
AAX07701.1_Magnaporthe-grisea,AAX07701.1,cellobiose,NIMS,5,80,<0.1,below reported 0.1 conversion background; not numeric zero,0.1,3,NA,Eukaryota,0.004,0,expression_binary=0,false,10.1021/cb500244v,10.1021/cb500244v.s003,cb500244v_si_003.xlsx,Sheet1,137,E,E137
AAX07701.1_Magnaporthe-grisea,AAX07701.1,lactose,NIMS,5,80,<0.1,below reported 0.1 conversion background; not numeric zero,0.1,3,NA,Eukaryota,0.004,0,expression_binary=0,false,10.1021/cb500244v,10.1021/cb500244v.s003,cb500244v_si_003.xlsx,Sheet1,137,F,F137
AAX07701.1_Magnaporthe-grisea,AAX07701.1,xylobiose,NIMS,5,90,<0.1,below reported 0.1 conversion background; not numeric zero,0.1,3,NA,Eukaryota,0.004,0,expression_binary=0,false,10.1021/cb500244v,10.1021/cb500244v.s003,cb500244v_si_003.xlsx,Sheet1,138,D,D138
AAX07701.1_Magnaporthe-grisea,AAX07701.1,cellobiose,NIMS,5,90,<0.1,below reported 0.1 conversion background; not numeric zero,0.1,3,NA,Eukaryota,0.004,0,expression_binary=0,false,10.1021/cb500244v,10.1021/cb500244v.s003,cb500244v_si_003.xlsx,Sheet1,138,E,E138
AAX07701.1_Magnaporthe-grisea,AAX07701.1,lactose,NIMS,5,90,<0.1,below reported 0.1 conversion background; not numeric zero,0.1,3,NA,Eukaryota,0.004,0,expression_binary=0,false,10.1021/cb500244v,10.1021/cb500244v.s003,cb500244v_si_003.xlsx,Sheet1,138,F,F138
AAX07701.1_Magnaporthe-grisea,AAX07701.1,xylobiose,NIMS,8,40,<0.1,below reported 0.1 conversion background; not numeric zero,0.1,3,NA,Eukaryota,0.004,0,expression_binary=0,false,10.1021/cb500244v,10.1021/cb500244v.s003,cb500244v_si_003.xlsx,Sheet1,139,D,D139
AAX07701.1_Magnaporthe-grisea,AAX07701.1,cellobiose,NIMS,8,40,<0.1,below reported 0.1 conversion background; not numeric zero,0.1,3,NA,Eukaryota,0.004,0,expression_binary=0,false,10.1021/cb500244v,10.1021/cb500244v.s003,cb500244v_si_003.xlsx,Sheet1,139,E,E139
AAX07701.1_Magnaporthe-grisea,AAX07701.1,lactose,NIMS,8,40,<0.1,below reported 0.1 conversion background; not numeric zero,0.1,3,NA,Eukaryota,0.004,0,expression_binary=0,false,10.1021/cb500244v,10.1021/cb500244v.s003,cb500244v_si_003.xlsx,Sheet1,139,F,F139
AAX07701.1_Magnaporthe-grisea,AAX07701.1,xylobiose,NIMS,8,60,<0.1,below reported 0.1 conversion background; not numeric zero,0.1,3,NA,Eukaryota,0.004,0,expression_binary=0,false,10.1021/cb500244v,10.1021/cb500244v.s003,cb500244v_si_003.xlsx,Sheet1,140,D,D140
AAX07701.1_Magnaporthe-grisea,AAX07701.1,cellobiose,NIMS,8,60,<0.1,below reported 0.1 conversion background; not numeric zero,0.1,3,NA,Eukaryota,0.004,0,expression_binary=0,false,10.1021/cb500244v,10.1021/cb500244v.s003,cb500244v_si_003.xlsx,Sheet1,140,E,E140
AAX07701.1_Magnaporthe-grisea,AAX07701.1,lactose,NIMS,8,60,<0.1,below reported 0.1 conversion background; not numeric zero,0.1,3,NA,Eukaryota,0.004,0,expression_binary=0,false,10.1021/cb500244v,10.1021/cb500244v.s003,cb500244v_si_003.xlsx,Sheet1,140,F,F140
AAX07701.1_Magnaporthe-grisea,AAX07701.1,xylobiose,NIMS,8,80,<0.1,below reported 0.1 conversion background; not numeric zero,0.1,3,NA,Eukaryota,0.004,0,expression_binary=0,false,10.1021/cb500244v,10.1021/cb500244v.s003,cb500244v_si_003.xlsx,Sheet1,141,D,D141
AAX07701.1_Magnaporthe-grisea,AAX07701.1,cellobiose,NIMS,8,80,<0.1,below reported 0.1 conversion background; not numeric zero,0.1,3,NA,Eukaryota,0.004,0,expression_binary=0,false,10.1021/cb500244v,10.1021/cb500244v.s003,cb500244v_si_003.xlsx,Sheet1,141,E,E141
AAX07701.1_Magnaporthe-grisea,AAX07701.1,lactose,NIMS,8,80,<0.1,below reported 0.1 conversion background; not numeric zero,0.1,3,NA,Eukaryota,0.004,0,expression_binary=0,false,10.1021/cb500244v,10.1021/cb500244v.s003,cb500244v_si_003.xlsx,Sheet1,141,F,F141
AAX07701.1_Magnaporthe-grisea,AAX07701.1,xylobiose,NIMS,8,90,<0.1,below reported 0.1 conversion background; not numeric zero,0.1,3,NA,Eukaryota,0.004,0,expression_binary=0,false,10.1021/cb500244v,10.1021/cb500244v.s003,cb500244v_si_003.xlsx,Sheet1,142,D,D142
AAX07701.1_Magnaporthe-grisea,AAX07701.1,cellobiose,NIMS,8,90,<0.1,below reported 0.1 conversion background; not numeric zero,0.1,3,NA,Eukaryota,0.004,0,expression_binary=0,false,10.1021/cb500244v,10.1021/cb500244v.s003,cb500244v_si_003.xlsx,Sheet1,142,E,E142
AAX07701.1_Magnaporthe-grisea,AAX07701.1,lactose,NIMS,8,90,<0.1,below reported 0.1 conversion background; not numeric zero,0.1,3,NA,Eukaryota,0.004,0,expression_binary=0,false,10.1021/cb500244v,10.1021/cb500244v.s003,cb500244v_si_003.xlsx,Sheet1,142,F,F142
ABL78509.1_Thermofilum-pendens-Hrk-5,ABL78509.1,xylobiose,NIMS,5,40,<0.1,below reported 0.1 conversion background; not numeric zero,0.1,3,NA,Archaea,0.004,0,expression_binary=0,false,10.1021/cb500244v,10.1021/cb500244v.s003,cb500244v_si_003.xlsx,Sheet1,215,D,D215
ABL78509.1_Thermofilum-pendens-Hrk-5,ABL78509.1,cellobiose,NIMS,5,40,<0.1,below reported 0.1 conversion background; not numeric zero,0.1,3,NA,Archaea,0.004,0,expression_binary=0,false,10.1021/cb500244v,10.1021/cb500244v.s003,cb500244v_si_003.xlsx,Sheet1,215,E,E215
ABL78509.1_Thermofilum-pendens-Hrk-5,ABL78509.1,xylobiose,NIMS,5,60,<0.1,below reported 0.1 conversion background; not numeric zero,0.1,3,NA,Archaea,0.004,0,expression_binary=0,false,10.1021/cb500244v,10.1021/cb500244v.s003,cb500244v_si_003.xlsx,Sheet1,216,D,D216
ABL78509.1_Thermofilum-pendens-Hrk-5,ABL78509.1,cellobiose,NIMS,5,60,<0.1,below reported 0.1 conversion background; not numeric zero,0.1,3,NA,Archaea,0.004,0,expression_binary=0,false,10.1021/cb500244v,10.1021/cb500244v.s003,cb500244v_si_003.xlsx,Sheet1,216,E,E216
ABL78509.1_Thermofilum-pendens-Hrk-5,ABL78509.1,xylobiose,NIMS,5,80,<0.1,below reported 0.1 conversion background; not numeric zero,0.1,3,NA,Archaea,0.004,0,expression_binary=0,false,10.1021/cb500244v,10.1021/cb500244v.s003,cb500244v_si_003.xlsx,Sheet1,217,D,D217
ABL78509.1_Thermofilum-pendens-Hrk-5,ABL78509.1,cellobiose,NIMS,5,80,<0.1,below reported 0.1 conversion background; not numeric zero,0.1,3,NA,Archaea,0.004,0,expression_binary=0,false,10.1021/cb500244v,10.1021/cb500244v.s003,cb500244v_si_003.xlsx,Sheet1,217,E,E217
ABL78509.1_Thermofilum-pendens-Hrk-5,ABL78509.1,lactose,NIMS,5,80,<0.1,below reported 0.1 conversion background; not numeric zero,0.1,3,NA,Archaea,0.004,0,expression_binary=0,false,10.1021/cb500244v,10.1021/cb500244v.s003,cb500244v_si_003.xlsx,Sheet1,217,F,F217
ABL78509.1_Thermofilum-pendens-Hrk-5,ABL78509.1,xylobiose,NIMS,5,90,<0.1,below reported 0.1 conversion background; not numeric zero,0.1,3,NA,Archaea,0.004,0,expression_binary=0,false,10.1021/cb500244v,10.1021/cb500244v.s003,cb500244v_si_003.xlsx,Sheet1,218,D,D218
ABL78509.1_Thermofilum-pendens-Hrk-5,ABL78509.1,cellobiose,NIMS,5,90,<0.1,below reported 0.1 conversion background; not numeric zero,0.1,3,NA,Archaea,0.004,0,expression_binary=0,false,10.1021/cb500244v,10.1021/cb500244v.s003,cb500244v_si_003.xlsx,Sheet1,218,E,E218
ABL78509.1_Thermofilum-pendens-Hrk-5,ABL78509.1,lactose,NIMS,5,90,<0.1,below reported 0.1 conversion background; not numeric zero,0.1,3,NA,Archaea,0.004,0,expression_binary=0,false,10.1021/cb500244v,10.1021/cb500244v.s003,cb500244v_si_003.xlsx,Sheet1,218,F,F218
ABL78509.1_Thermofilum-pendens-Hrk-5,ABL78509.1,xylobiose,NIMS,8,40,<0.1,below reported 0.1 conversion background; not numeric zero,0.1,3,NA,Archaea,0.004,0,expression_binary=0,false,10.1021/cb500244v,10.1021/cb500244v.s003,cb500244v_si_003.xlsx,Sheet1,219,D,D219
ABL78509.1_Thermofilum-pendens-Hrk-5,ABL78509.1,cellobiose,NIMS,8,40,<0.1,below reported 0.1 conversion background; not numeric zero,0.1,3,NA,Archaea,0.004,0,expression_binary=0,false,10.1021/cb500244v,10.1021/cb500244v.s003,cb500244v_si_003.xlsx,Sheet1,219,E,E219
ABL78509.1_Thermofilum-pendens-Hrk-5,ABL78509.1,lactose,NIMS,8,40,<0.1,below reported 0.1 conversion background; not numeric zero,0.1,3,NA,Archaea,0.004,0,expression_binary=0,false,10.1021/cb500244v,10.1021/cb500244v.s003,cb500244v_si_003.xlsx,Sheet1,219,F,F219
ABL78509.1_Thermofilum-pendens-Hrk-5,ABL78509.1,xylobiose,NIMS,8,60,<0.1,below reported 0.1 conversion background; not numeric zero,0.1,3,NA,Archaea,0.004,0,expression_binary=0,false,10.1021/cb500244v,10.1021/cb500244v.s003,cb500244v_si_003.xlsx,Sheet1,220,D,D220
ABL78509.1_Thermofilum-pendens-Hrk-5,ABL78509.1,cellobiose,NIMS,8,60,<0.1,below reported 0.1 conversion background; not numeric zero,0.1,3,NA,Archaea,0.004,0,expression_binary=0,false,10.1021/cb500244v,10.1021/cb500244v.s003,cb500244v_si_003.xlsx,Sheet1,220,E,E220
ABL78509.1_Thermofilum-pendens-Hrk-5,ABL78509.1,lactose,NIMS,8,60,<0.1,below reported 0.1 conversion background; not numeric zero,0.1,3,NA,Archaea,0.004,0,expression_binary=0,false,10.1021/cb500244v,10.1021/cb500244v.s003,cb500244v_si_003.xlsx,Sheet1,220,F,F220
ABL78509.1_Thermofilum-pendens-Hrk-5,ABL78509.1,xylobiose,NIMS,8,80,<0.1,below reported 0.1 conversion background; not numeric zero,0.1,3,NA,Archaea,0.004,0,expression_binary=0,false,10.1021/cb500244v,10.1021/cb500244v.s003,cb500244v_si_003.xlsx,Sheet1,221,D,D221
ABL78509.1_Thermofilum-pendens-Hrk-5,ABL78509.1,cellobiose,NIMS,8,80,<0.1,below reported 0.1 conversion background; not numeric zero,0.1,3,NA,Archaea,0.004,0,expression_binary=0,false,10.1021/cb500244v,10.1021/cb500244v.s003,cb500244v_si_003.xlsx,Sheet1,221,E,E221
ABL78509.1_Thermofilum-pendens-Hrk-5,ABL78509.1,lactose,NIMS,8,80,<0.1,below reported 0.1 conversion background; not numeric zero,0.1,3,NA,Archaea,0.004,0,expression_binary=0,false,10.1021/cb500244v,10.1021/cb500244v.s003,cb500244v_si_003.xlsx,Sheet1,221,F,F221
ABL78509.1_Thermofilum-pendens-Hrk-5,ABL78509.1,xylobiose,NIMS,8,90,<0.1,below reported 0.1 conversion background; not numeric zero,0.1,3,NA,Archaea,0.004,0,expression_binary=0,false,10.1021/cb500244v,10.1021/cb500244v.s003,cb500244v_si_003.xlsx,Sheet1,222,D,D222
ABL78509.1_Thermofilum-pendens-Hrk-5,ABL78509.1,cellobiose,NIMS,8,90,<0.1,below reported 0.1 conversion background; not numeric zero,0.1,3,NA,Archaea,0.004,0,expression_binary=0,false,10.1021/cb500244v,10.1021/cb500244v.s003,cb500244v_si_003.xlsx,Sheet1,222,E,E222
ABL78509.1_Thermofilum-pendens-Hrk-5,ABL78509.1,lactose,NIMS,8,90,<0.1,below reported 0.1 conversion background; not numeric zero,0.1,3,NA,Archaea,0.004,0,expression_binary=0,false,10.1021/cb500244v,10.1021/cb500244v.s003,cb500244v_si_003.xlsx,Sheet1,222,F,F222
ABN70482.1_Staphylothermus-marinus-F1,ABN70482.1,xylobiose,NIMS,5,40,<0.1,below reported 0.1 conversion background; not numeric zero,0.1,3,NA,Archaea,0.009,0,expression_binary=0,false,10.1021/cb500244v,10.1021/cb500244v.s003,cb500244v_si_003.xlsx,Sheet1,223,D,D223
ABN70482.1_Staphylothermus-marinus-F1,ABN70482.1,cellobiose,NIMS,5,40,<0.1,below reported 0.1 conversion background; not numeric zero,0.1,3,NA,Archaea,0.009,0,expression_binary=0,false,10.1021/cb500244v,10.1021/cb500244v.s003,cb500244v_si_003.xlsx,Sheet1,223,E,E223
ABN70482.1_Staphylothermus-marinus-F1,ABN70482.1,lactose,NIMS,5,40,<0.1,below reported 0.1 conversion background; not numeric zero,0.1,3,NA,Archaea,0.009,0,expression_binary=0,false,10.1021/cb500244v,10.1021/cb500244v.s003,cb500244v_si_003.xlsx,Sheet1,223,F,F223
ABN70482.1_Staphylothermus-marinus-F1,ABN70482.1,xylobiose,NIMS,5,60,<0.1,below reported 0.1 conversion background; not numeric zero,0.1,3,NA,Archaea,0.009,0,expression_binary=0,false,10.1021/cb500244v,10.1021/cb500244v.s003,cb500244v_si_003.xlsx,Sheet1,224,D,D224
ABN70482.1_Staphylothermus-marinus-F1,ABN70482.1,cellobiose,NIMS,5,60,<0.1,below reported 0.1 conversion background; not numeric zero,0.1,3,NA,Archaea,0.009,0,expression_binary=0,false,10.1021/cb500244v,10.1021/cb500244v.s003,cb500244v_si_003.xlsx,Sheet1,224,E,E224
ABN70482.1_Staphylothermus-marinus-F1,ABN70482.1,lactose,NIMS,5,60,<0.1,below reported 0.1 conversion background; not numeric zero,0.1,3,NA,Archaea,0.009,0,expression_binary=0,false,10.1021/cb500244v,10.1021/cb500244v.s003,cb500244v_si_003.xlsx,Sheet1,224,F,F224
ABN70482.1_Staphylothermus-marinus-F1,ABN70482.1,xylobiose,NIMS,5,80,<0.1,below reported 0.1 conversion background; not numeric zero,0.1,3,NA,Archaea,0.009,0,expression_binary=0,false,10.1021/cb500244v,10.1021/cb500244v.s003,cb500244v_si_003.xlsx,Sheet1,225,D,D225
ABN70482.1_Staphylothermus-marinus-F1,ABN70482.1,cellobiose,NIMS,5,80,<0.1,below reported 0.1 conversion background; not numeric zero,0.1,3,NA,Archaea,0.009,0,expression_binary=0,false,10.1021/cb500244v,10.1021/cb500244v.s003,cb500244v_si_003.xlsx,Sheet1,225,E,E225
ABN70482.1_Staphylothermus-marinus-F1,ABN70482.1,lactose,NIMS,5,80,<0.1,below reported 0.1 conversion background; not numeric zero,0.1,3,NA,Archaea,0.009,0,expression_binary=0,false,10.1021/cb500244v,10.1021/cb500244v.s003,cb500244v_si_003.xlsx,Sheet1,225,F,F225
ABN70482.1_Staphylothermus-marinus-F1,ABN70482.1,xylobiose,NIMS,5,90,<0.1,below reported 0.1 conversion background; not numeric zero,0.1,3,NA,Archaea,0.009,0,expression_binary=0,false,10.1021/cb500244v,10.1021/cb500244v.s003,cb500244v_si_003.xlsx,Sheet1,226,D,D226
ABN70482.1_Staphylothermus-marinus-F1,ABN70482.1,cellobiose,NIMS,5,90,<0.1,below reported 0.1 conversion background; not numeric zero,0.1,3,NA,Archaea,0.009,0,expression_binary=0,false,10.1021/cb500244v,10.1021/cb500244v.s003,cb500244v_si_003.xlsx,Sheet1,226,E,E226
ABN70482.1_Staphylothermus-marinus-F1,ABN70482.1,lactose,NIMS,5,90,<0.1,below reported 0.1 conversion background; not numeric zero,0.1,3,NA,Archaea,0.009,0,expression_binary=0,false,10.1021/cb500244v,10.1021/cb500244v.s003,cb500244v_si_003.xlsx,Sheet1,226,F,F226
ABN70482.1_Staphylothermus-marinus-F1,ABN70482.1,xylobiose,NIMS,8,40,<0.1,below reported 0.1 conversion background; not numeric zero,0.1,3,NA,Archaea,0.009,0,expression_binary=0,false,10.1021/cb500244v,10.1021/cb500244v.s003,cb500244v_si_003.xlsx,Sheet1,227,D,D227
ABN70482.1_Staphylothermus-marinus-F1,ABN70482.1,cellobiose,NIMS,8,40,<0.1,below reported 0.1 conversion background; not numeric zero,0.1,3,NA,Archaea,0.009,0,expression_binary=0,false,10.1021/cb500244v,10.1021/cb500244v.s003,cb500244v_si_003.xlsx,Sheet1,227,E,E227
ABN70482.1_Staphylothermus-marinus-F1,ABN70482.1,lactose,NIMS,8,40,<0.1,below reported 0.1 conversion background; not numeric zero,0.1,3,NA,Archaea,0.009,0,expression_binary=0,false,10.1021/cb500244v,10.1021/cb500244v.s003,cb500244v_si_003.xlsx,Sheet1,227,F,F227
ABN70482.1_Staphylothermus-marinus-F1,ABN70482.1,xylobiose,NIMS,8,60,<0.1,below reported 0.1 conversion background; not numeric zero,0.1,3,NA,Archaea,0.009,0,expression_binary=0,false,10.1021/cb500244v,10.1021/cb500244v.s003,cb500244v_si_003.xlsx,Sheet1,228,D,D228
ABN70482.1_Staphylothermus-marinus-F1,ABN70482.1,cellobiose,NIMS,8,60,<0.1,below reported 0.1 conversion background; not numeric zero,0.1,3,NA,Archaea,0.009,0,expression_binary=0,false,10.1021/cb500244v,10.1021/cb500244v.s003,cb500244v_si_003.xlsx,Sheet1,228,E,E228
ABN70482.1_Staphylothermus-marinus-F1,ABN70482.1,lactose,NIMS,8,60,<0.1,below reported 0.1 conversion background; not numeric zero,0.1,3,NA,Archaea,0.009,0,expression_binary=0,false,10.1021/cb500244v,10.1021/cb500244v.s003,cb500244v_si_003.xlsx,Sheet1,228,F,F228
ABN70482.1_Staphylothermus-marinus-F1,ABN70482.1,xylobiose,NIMS,8,80,<0.1,below reported 0.1 conversion background; not numeric zero,0.1,3,NA,Archaea,0.009,0,expression_binary=0,false,10.1021/cb500244v,10.1021/cb500244v.s003,cb500244v_si_003.xlsx,Sheet1,229,D,D229
ABN70482.1_Staphylothermus-marinus-F1,ABN70482.1,cellobiose,NIMS,8,80,<0.1,below reported 0.1 conversion background; not numeric zero,0.1,3,NA,Archaea,0.009,0,expression_binary=0,false,10.1021/cb500244v,10.1021/cb500244v.s003,cb500244v_si_003.xlsx,Sheet1,229,E,E229
ABN70482.1_Staphylothermus-marinus-F1,ABN70482.1,lactose,NIMS,8,80,<0.1,below reported 0.1 conversion background; not numeric zero,0.1,3,NA,Archaea,0.009,0,expression_binary=0,false,10.1021/cb500244v,10.1021/cb500244v.s003,cb500244v_si_003.xlsx,Sheet1,229,F,F229
ABN70482.1_Staphylothermus-marinus-F1,ABN70482.1,xylobiose,NIMS,8,90,<0.1,below reported 0.1 conversion background; not numeric zero,0.1,3,NA,Archaea,0.009,0,expression_binary=0,false,10.1021/cb500244v,10.1021/cb500244v.s003,cb500244v_si_003.xlsx,Sheet1,230,D,D230
ABN70482.1_Staphylothermus-marinus-F1,ABN70482.1,cellobiose,NIMS,8,90,<0.1,below reported 0.1 conversion background; not numeric zero,0.1,3,NA,Archaea,0.009,0,expression_binary=0,false,10.1021/cb500244v,10.1021/cb500244v.s003,cb500244v_si_003.xlsx,Sheet1,230,E,E230
ABN70482.1_Staphylothermus-marinus-F1,ABN70482.1,lactose,NIMS,8,90,<0.1,below reported 0.1 conversion background; not numeric zero,0.1,3,NA,Archaea,0.009,0,expression_binary=0,false,10.1021/cb500244v,10.1021/cb500244v.s003,cb500244v_si_003.xlsx,Sheet1,230,F,F230
ACI21065.1_Thermodesulfovibrio-yellowstonii-DSM-11347,ACI21065.1,xylobiose,NIMS,5,40,<0.1,below reported 0.1 conversion background; not numeric zero,0.1,3,NA,Bacteria,0.004,0,expression_binary=0,false,10.1021/cb500244v,10.1021/cb500244v.s003,cb500244v_si_003.xlsx,Sheet1,303,D,D303
ACI21065.1_Thermodesulfovibrio-yellowstonii-DSM-11347,ACI21065.1,cellobiose,NIMS,5,40,<0.1,below reported 0.1 conversion background; not numeric zero,0.1,3,NA,Bacteria,0.004,0,expression_binary=0,false,10.1021/cb500244v,10.1021/cb500244v.s003,cb500244v_si_003.xlsx,Sheet1,303,E,E303
ACI21065.1_Thermodesulfovibrio-yellowstonii-DSM-11347,ACI21065.1,lactose,NIMS,5,40,<0.1,below reported 0.1 conversion background; not numeric zero,0.1,3,NA,Bacteria,0.004,0,expression_binary=0,false,10.1021/cb500244v,10.1021/cb500244v.s003,cb500244v_si_003.xlsx,Sheet1,303,F,F303
ACI21065.1_Thermodesulfovibrio-yellowstonii-DSM-11347,ACI21065.1,xylobiose,NIMS,5,60,<0.1,below reported 0.1 conversion background; not numeric zero,0.1,3,NA,Bacteria,0.004,0,expression_binary=0,false,10.1021/cb500244v,10.1021/cb500244v.s003,cb500244v_si_003.xlsx,Sheet1,304,D,D304
ACI21065.1_Thermodesulfovibrio-yellowstonii-DSM-11347,ACI21065.1,cellobiose,NIMS,5,60,<0.1,below reported 0.1 conversion background; not numeric zero,0.1,3,NA,Bacteria,0.004,0,expression_binary=0,false,10.1021/cb500244v,10.1021/cb500244v.s003,cb500244v_si_003.xlsx,Sheet1,304,E,E304
ACI21065.1_Thermodesulfovibrio-yellowstonii-DSM-11347,ACI21065.1,lactose,NIMS,5,60,<0.1,below reported 0.1 conversion background; not numeric zero,0.1,3,NA,Bacteria,0.004,0,expression_binary=0,false,10.1021/cb500244v,10.1021/cb500244v.s003,cb500244v_si_003.xlsx,Sheet1,304,F,F304
ACI21065.1_Thermodesulfovibrio-yellowstonii-DSM-11347,ACI21065.1,xylobiose,NIMS,5,80,<0.1,below reported 0.1 conversion background; not numeric zero,0.1,3,NA,Bacteria,0.004,0,expression_binary=0,false,10.1021/cb500244v,10.1021/cb500244v.s003,cb500244v_si_003.xlsx,Sheet1,305,D,D305
ACI21065.1_Thermodesulfovibrio-yellowstonii-DSM-11347,ACI21065.1,cellobiose,NIMS,5,80,<0.1,below reported 0.1 conversion background; not numeric zero,0.1,3,NA,Bacteria,0.004,0,expression_binary=0,false,10.1021/cb500244v,10.1021/cb500244v.s003,cb500244v_si_003.xlsx,Sheet1,305,E,E305
ACI21065.1_Thermodesulfovibrio-yellowstonii-DSM-11347,ACI21065.1,lactose,NIMS,5,80,<0.1,below reported 0.1 conversion background; not numeric zero,0.1,3,NA,Bacteria,0.004,0,expression_binary=0,false,10.1021/cb500244v,10.1021/cb500244v.s003,cb500244v_si_003.xlsx,Sheet1,305,F,F305
ACI21065.1_Thermodesulfovibrio-yellowstonii-DSM-11347,ACI21065.1,xylobiose,NIMS,5,90,<0.1,below reported 0.1 conversion background; not numeric zero,0.1,3,NA,Bacteria,0.004,0,expression_binary=0,false,10.1021/cb500244v,10.1021/cb500244v.s003,cb500244v_si_003.xlsx,Sheet1,306,D,D306
ACI21065.1_Thermodesulfovibrio-yellowstonii-DSM-11347,ACI21065.1,cellobiose,NIMS,5,90,<0.1,below reported 0.1 conversion background; not numeric zero,0.1,3,NA,Bacteria,0.004,0,expression_binary=0,false,10.1021/cb500244v,10.1021/cb500244v.s003,cb500244v_si_003.xlsx,Sheet1,306,E,E306
ACI21065.1_Thermodesulfovibrio-yellowstonii-DSM-11347,ACI21065.1,lactose,NIMS,5,90,<0.1,below reported 0.1 conversion background; not numeric zero,0.1,3,NA,Bacteria,0.004,0,expression_binary=0,false,10.1021/cb500244v,10.1021/cb500244v.s003,cb500244v_si_003.xlsx,Sheet1,306,F,F306
ACI21065.1_Thermodesulfovibrio-yellowstonii-DSM-11347,ACI21065.1,xylobiose,NIMS,8,40,<0.1,below reported 0.1 conversion background; not numeric zero,0.1,3,NA,Bacteria,0.004,0,expression_binary=0,false,10.1021/cb500244v,10.1021/cb500244v.s003,cb500244v_si_003.xlsx,Sheet1,307,D,D307
ACI21065.1_Thermodesulfovibrio-yellowstonii-DSM-11347,ACI21065.1,cellobiose,NIMS,8,40,<0.1,below reported 0.1 conversion background; not numeric zero,0.1,3,NA,Bacteria,0.004,0,expression_binary=0,false,10.1021/cb500244v,10.1021/cb500244v.s003,cb500244v_si_003.xlsx,Sheet1,307,E,E307
ACI21065.1_Thermodesulfovibrio-yellowstonii-DSM-11347,ACI21065.1,lactose,NIMS,8,40,<0.1,below reported 0.1 conversion background; not numeric zero,0.1,3,NA,Bacteria,0.004,0,expression_binary=0,false,10.1021/cb500244v,10.1021/cb500244v.s003,cb500244v_si_003.xlsx,Sheet1,307,F,F307
ACI21065.1_Thermodesulfovibrio-yellowstonii-DSM-11347,ACI21065.1,xylobiose,NIMS,8,60,<0.1,below reported 0.1 conversion background; not numeric zero,0.1,3,NA,Bacteria,0.004,0,expression_binary=0,false,10.1021/cb500244v,10.1021/cb500244v.s003,cb500244v_si_003.xlsx,Sheet1,308,D,D308
ACI21065.1_Thermodesulfovibrio-yellowstonii-DSM-11347,ACI21065.1,cellobiose,NIMS,8,60,<0.1,below reported 0.1 conversion background; not numeric zero,0.1,3,NA,Bacteria,0.004,0,expression_binary=0,false,10.1021/cb500244v,10.1021/cb500244v.s003,cb500244v_si_003.xlsx,Sheet1,308,E,E308
ACI21065.1_Thermodesulfovibrio-yellowstonii-DSM-11347,ACI21065.1,lactose,NIMS,8,60,<0.1,below reported 0.1 conversion background; not numeric zero,0.1,3,NA,Bacteria,0.004,0,expression_binary=0,false,10.1021/cb500244v,10.1021/cb500244v.s003,cb500244v_si_003.xlsx,Sheet1,308,F,F308
ACI21065.1_Thermodesulfovibrio-yellowstonii-DSM-11347,ACI21065.1,xylobiose,NIMS,8,80,<0.1,below reported 0.1 conversion background; not numeric zero,0.1,3,NA,Bacteria,0.004,0,expression_binary=0,false,10.1021/cb500244v,10.1021/cb500244v.s003,cb500244v_si_003.xlsx,Sheet1,309,D,D309
ACI21065.1_Thermodesulfovibrio-yellowstonii-DSM-11347,ACI21065.1,cellobiose,NIMS,8,80,<0.1,below reported 0.1 conversion background; not numeric zero,0.1,3,NA,Bacteria,0.004,0,expression_binary=0,false,10.1021/cb500244v,10.1021/cb500244v.s003,cb500244v_si_003.xlsx,Sheet1,309,E,E309
ACI21065.1_Thermodesulfovibrio-yellowstonii-DSM-11347,ACI21065.1,lactose,NIMS,8,80,<0.1,below reported 0.1 conversion background; not numeric zero,0.1,3,NA,Bacteria,0.004,0,expression_binary=0,false,10.1021/cb500244v,10.1021/cb500244v.s003,cb500244v_si_003.xlsx,Sheet1,309,F,F309
ACI21065.1_Thermodesulfovibrio-yellowstonii-DSM-11347,ACI21065.1,xylobiose,NIMS,8,90,<0.1,below reported 0.1 conversion background; not numeric zero,0.1,3,NA,Bacteria,0.004,0,expression_binary=0,false,10.1021/cb500244v,10.1021/cb500244v.s003,cb500244v_si_003.xlsx,Sheet1,310,D,D310
ACI21065.1_Thermodesulfovibrio-yellowstonii-DSM-11347,ACI21065.1,cellobiose,NIMS,8,90,<0.1,below reported 0.1 conversion background; not numeric zero,0.1,3,NA,Bacteria,0.004,0,expression_binary=0,false,10.1021/cb500244v,10.1021/cb500244v.s003,cb500244v_si_003.xlsx,Sheet1,310,E,E310
ACI21065.1_Thermodesulfovibrio-yellowstonii-DSM-11347,ACI21065.1,lactose,NIMS,8,90,<0.1,below reported 0.1 conversion background; not numeric zero,0.1,3,NA,Bacteria,0.004,0,expression_binary=0,false,10.1021/cb500244v,10.1021/cb500244v.s003,cb500244v_si_003.xlsx,Sheet1,310,F,F310
ACK43071.1_Dictyoglomus-turgidum-DSM-6724,ACK43071.1,xylobiose,NIMS,5,40,<0.1,below reported 0.1 conversion background; not numeric zero,0.1,3,NA,Bacteria,0.005375754666666666,0,expression_binary=0,false,10.1021/cb500244v,10.1021/cb500244v.s003,cb500244v_si_003.xlsx,Sheet1,335,D,D335
ACK43071.1_Dictyoglomus-turgidum-DSM-6724,ACK43071.1,xylobiose,NIMS,5,60,<0.1,below reported 0.1 conversion background; not numeric zero,0.1,3,NA,Bacteria,0.005375754666666666,0,expression_binary=0,false,10.1021/cb500244v,10.1021/cb500244v.s003,cb500244v_si_003.xlsx,Sheet1,336,D,D336
ACK43071.1_Dictyoglomus-turgidum-DSM-6724,ACK43071.1,xylobiose,NIMS,5,80,<0.1,below reported 0.1 conversion background; not numeric zero,0.1,3,NA,Bacteria,0.005375754666666666,0,expression_binary=0,false,10.1021/cb500244v,10.1021/cb500244v.s003,cb500244v_si_003.xlsx,Sheet1,337,D,D337
ACK43071.1_Dictyoglomus-turgidum-DSM-6724,ACK43071.1,cellobiose,NIMS,5,80,<0.1,below reported 0.1 conversion background; not numeric zero,0.1,3,NA,Bacteria,0.005375754666666666,0,expression_binary=0,false,10.1021/cb500244v,10.1021/cb500244v.s003,cb500244v_si_003.xlsx,Sheet1,337,E,E337
ACK43071.1_Dictyoglomus-turgidum-DSM-6724,ACK43071.1,lactose,NIMS,5,80,<0.1,below reported 0.1 conversion background; not numeric zero,0.1,3,NA,Bacteria,0.005375754666666666,0,expression_binary=0,false,10.1021/cb500244v,10.1021/cb500244v.s003,cb500244v_si_003.xlsx,Sheet1,337,F,F337
ACK43071.1_Dictyoglomus-turgidum-DSM-6724,ACK43071.1,xylobiose,NIMS,5,90,<0.1,below reported 0.1 conversion background; not numeric zero,0.1,3,NA,Bacteria,0.005375754666666666,0,expression_binary=0,false,10.1021/cb500244v,10.1021/cb500244v.s003,cb500244v_si_003.xlsx,Sheet1,338,D,D338
ACK43071.1_Dictyoglomus-turgidum-DSM-6724,ACK43071.1,cellobiose,NIMS,5,90,<0.1,below reported 0.1 conversion background; not numeric zero,0.1,3,NA,Bacteria,0.005375754666666666,0,expression_binary=0,false,10.1021/cb500244v,10.1021/cb500244v.s003,cb500244v_si_003.xlsx,Sheet1,338,E,E338
ACK43071.1_Dictyoglomus-turgidum-DSM-6724,ACK43071.1,lactose,NIMS,5,90,<0.1,below reported 0.1 conversion background; not numeric zero,0.1,3,NA,Bacteria,0.005375754666666666,0,expression_binary=0,false,10.1021/cb500244v,10.1021/cb500244v.s003,cb500244v_si_003.xlsx,Sheet1,338,F,F338
ACK43071.1_Dictyoglomus-turgidum-DSM-6724,ACK43071.1,xylobiose,NIMS,8,40,<0.1,below reported 0.1 conversion background; not numeric zero,0.1,3,NA,Bacteria,0.005375754666666666,0,expression_binary=0,false,10.1021/cb500244v,10.1021/cb500244v.s003,cb500244v_si_003.xlsx,Sheet1,339,D,D339
ACK43071.1_Dictyoglomus-turgidum-DSM-6724,ACK43071.1,xylobiose,NIMS,8,60,<0.1,below reported 0.1 conversion background; not numeric zero,0.1,3,NA,Bacteria,0.005375754666666666,0,expression_binary=0,false,10.1021/cb500244v,10.1021/cb500244v.s003,cb500244v_si_003.xlsx,Sheet1,340,D,D340
ACK43071.1_Dictyoglomus-turgidum-DSM-6724,ACK43071.1,xylobiose,NIMS,8,80,<0.1,below reported 0.1 conversion background; not numeric zero,0.1,3,NA,Bacteria,0.005375754666666666,0,expression_binary=0,false,10.1021/cb500244v,10.1021/cb500244v.s003,cb500244v_si_003.xlsx,Sheet1,341,D,D341
ACK43071.1_Dictyoglomus-turgidum-DSM-6724,ACK43071.1,cellobiose,NIMS,8,80,<0.1,below reported 0.1 conversion background; not numeric zero,0.1,3,NA,Bacteria,0.005375754666666666,0,expression_binary=0,false,10.1021/cb500244v,10.1021/cb500244v.s003,cb500244v_si_003.xlsx,Sheet1,341,E,E341
ACK43071.1_Dictyoglomus-turgidum-DSM-6724,ACK43071.1,lactose,NIMS,8,80,<0.1,below reported 0.1 conversion background; not numeric zero,0.1,3,NA,Bacteria,0.005375754666666666,0,expression_binary=0,false,10.1021/cb500244v,10.1021/cb500244v.s003,cb500244v_si_003.xlsx,Sheet1,341,F,F341
ACK43071.1_Dictyoglomus-turgidum-DSM-6724,ACK43071.1,xylobiose,NIMS,8,90,<0.1,below reported 0.1 conversion background; not numeric zero,0.1,3,NA,Bacteria,0.005375754666666666,0,expression_binary=0,false,10.1021/cb500244v,10.1021/cb500244v.s003,cb500244v_si_003.xlsx,Sheet1,342,D,D342
ACK43071.1_Dictyoglomus-turgidum-DSM-6724,ACK43071.1,cellobiose,NIMS,8,90,<0.1,below reported 0.1 conversion background; not numeric zero,0.1,3,NA,Bacteria,0.005375754666666666,0,expression_binary=0,false,10.1021/cb500244v,10.1021/cb500244v.s003,cb500244v_si_003.xlsx,Sheet1,342,E,E342
ACK43071.1_Dictyoglomus-turgidum-DSM-6724,ACK43071.1,lactose,NIMS,8,90,<0.1,below reported 0.1 conversion background; not numeric zero,0.1,3,NA,Bacteria,0.005375754666666666,0,expression_binary=0,false,10.1021/cb500244v,10.1021/cb500244v.s003,cb500244v_si_003.xlsx,Sheet1,342,F,F342
ACL10579.1_Desulfurococcus-kamchatkensis-1221n,ACL10579.1,xylobiose,NIMS,5,40,<0.1,below reported 0.1 conversion background; not numeric zero,0.1,3,NA,Archaea,0.004,0,expression_binary=0,false,10.1021/cb500244v,10.1021/cb500244v.s003,cb500244v_si_003.xlsx,Sheet1,343,D,D343
ACL10579.1_Desulfurococcus-kamchatkensis-1221n,ACL10579.1,cellobiose,NIMS,5,40,<0.1,below reported 0.1 conversion background; not numeric zero,0.1,3,NA,Archaea,0.004,0,expression_binary=0,false,10.1021/cb500244v,10.1021/cb500244v.s003,cb500244v_si_003.xlsx,Sheet1,343,E,E343
ACL10579.1_Desulfurococcus-kamchatkensis-1221n,ACL10579.1,lactose,NIMS,5,40,<0.1,below reported 0.1 conversion background; not numeric zero,0.1,3,NA,Archaea,0.004,0,expression_binary=0,false,10.1021/cb500244v,10.1021/cb500244v.s003,cb500244v_si_003.xlsx,Sheet1,343,F,F343
ACL10579.1_Desulfurococcus-kamchatkensis-1221n,ACL10579.1,xylobiose,NIMS,5,60,<0.1,below reported 0.1 conversion background; not numeric zero,0.1,3,NA,Archaea,0.004,0,expression_binary=0,false,10.1021/cb500244v,10.1021/cb500244v.s003,cb500244v_si_003.xlsx,Sheet1,344,D,D344
ACL10579.1_Desulfurococcus-kamchatkensis-1221n,ACL10579.1,cellobiose,NIMS,5,60,<0.1,below reported 0.1 conversion background; not numeric zero,0.1,3,NA,Archaea,0.004,0,expression_binary=0,false,10.1021/cb500244v,10.1021/cb500244v.s003,cb500244v_si_003.xlsx,Sheet1,344,E,E344
ACL10579.1_Desulfurococcus-kamchatkensis-1221n,ACL10579.1,lactose,NIMS,5,60,<0.1,below reported 0.1 conversion background; not numeric zero,0.1,3,NA,Archaea,0.004,0,expression_binary=0,false,10.1021/cb500244v,10.1021/cb500244v.s003,cb500244v_si_003.xlsx,Sheet1,344,F,F344
ACL10579.1_Desulfurococcus-kamchatkensis-1221n,ACL10579.1,xylobiose,NIMS,5,80,<0.1,below reported 0.1 conversion background; not numeric zero,0.1,3,NA,Archaea,0.004,0,expression_binary=0,false,10.1021/cb500244v,10.1021/cb500244v.s003,cb500244v_si_003.xlsx,Sheet1,345,D,D345
ACL10579.1_Desulfurococcus-kamchatkensis-1221n,ACL10579.1,cellobiose,NIMS,5,80,<0.1,below reported 0.1 conversion background; not numeric zero,0.1,3,NA,Archaea,0.004,0,expression_binary=0,false,10.1021/cb500244v,10.1021/cb500244v.s003,cb500244v_si_003.xlsx,Sheet1,345,E,E345
ACL10579.1_Desulfurococcus-kamchatkensis-1221n,ACL10579.1,lactose,NIMS,5,80,<0.1,below reported 0.1 conversion background; not numeric zero,0.1,3,NA,Archaea,0.004,0,expression_binary=0,false,10.1021/cb500244v,10.1021/cb500244v.s003,cb500244v_si_003.xlsx,Sheet1,345,F,F345
ACL10579.1_Desulfurococcus-kamchatkensis-1221n,ACL10579.1,xylobiose,NIMS,5,90,<0.1,below reported 0.1 conversion background; not numeric zero,0.1,3,NA,Archaea,0.004,0,expression_binary=0,false,10.1021/cb500244v,10.1021/cb500244v.s003,cb500244v_si_003.xlsx,Sheet1,346,D,D346
ACL10579.1_Desulfurococcus-kamchatkensis-1221n,ACL10579.1,cellobiose,NIMS,5,90,<0.1,below reported 0.1 conversion background; not numeric zero,0.1,3,NA,Archaea,0.004,0,expression_binary=0,false,10.1021/cb500244v,10.1021/cb500244v.s003,cb500244v_si_003.xlsx,Sheet1,346,E,E346
ACL10579.1_Desulfurococcus-kamchatkensis-1221n,ACL10579.1,lactose,NIMS,5,90,<0.1,below reported 0.1 conversion background; not numeric zero,0.1,3,NA,Archaea,0.004,0,expression_binary=0,false,10.1021/cb500244v,10.1021/cb500244v.s003,cb500244v_si_003.xlsx,Sheet1,346,F,F346
ACL10579.1_Desulfurococcus-kamchatkensis-1221n,ACL10579.1,xylobiose,NIMS,8,40,<0.1,below reported 0.1 conversion background; not numeric zero,0.1,3,NA,Archaea,0.004,0,expression_binary=0,false,10.1021/cb500244v,10.1021/cb500244v.s003,cb500244v_si_003.xlsx,Sheet1,347,D,D347
ACL10579.1_Desulfurococcus-kamchatkensis-1221n,ACL10579.1,cellobiose,NIMS,8,40,<0.1,below reported 0.1 conversion background; not numeric zero,0.1,3,NA,Archaea,0.004,0,expression_binary=0,false,10.1021/cb500244v,10.1021/cb500244v.s003,cb500244v_si_003.xlsx,Sheet1,347,E,E347
ACL10579.1_Desulfurococcus-kamchatkensis-1221n,ACL10579.1,lactose,NIMS,8,40,<0.1,below reported 0.1 conversion background; not numeric zero,0.1,3,NA,Archaea,0.004,0,expression_binary=0,false,10.1021/cb500244v,10.1021/cb500244v.s003,cb500244v_si_003.xlsx,Sheet1,347,F,F347
ACL10579.1_Desulfurococcus-kamchatkensis-1221n,ACL10579.1,xylobiose,NIMS,8,60,<0.1,below reported 0.1 conversion background; not numeric zero,0.1,3,NA,Archaea,0.004,0,expression_binary=0,false,10.1021/cb500244v,10.1021/cb500244v.s003,cb500244v_si_003.xlsx,Sheet1,348,D,D348
ACL10579.1_Desulfurococcus-kamchatkensis-1221n,ACL10579.1,cellobiose,NIMS,8,60,<0.1,below reported 0.1 conversion background; not numeric zero,0.1,3,NA,Archaea,0.004,0,expression_binary=0,false,10.1021/cb500244v,10.1021/cb500244v.s003,cb500244v_si_003.xlsx,Sheet1,348,E,E348
ACL10579.1_Desulfurococcus-kamchatkensis-1221n,ACL10579.1,lactose,NIMS,8,60,<0.1,below reported 0.1 conversion background; not numeric zero,0.1,3,NA,Archaea,0.004,0,expression_binary=0,false,10.1021/cb500244v,10.1021/cb500244v.s003,cb500244v_si_003.xlsx,Sheet1,348,F,F348
ACL10579.1_Desulfurococcus-kamchatkensis-1221n,ACL10579.1,xylobiose,NIMS,8,80,<0.1,below reported 0.1 conversion background; not numeric zero,0.1,3,NA,Archaea,0.004,0,expression_binary=0,false,10.1021/cb500244v,10.1021/cb500244v.s003,cb500244v_si_003.xlsx,Sheet1,349,D,D349
ACL10579.1_Desulfurococcus-kamchatkensis-1221n,ACL10579.1,cellobiose,NIMS,8,80,<0.1,below reported 0.1 conversion background; not numeric zero,0.1,3,NA,Archaea,0.004,0,expression_binary=0,false,10.1021/cb500244v,10.1021/cb500244v.s003,cb500244v_si_003.xlsx,Sheet1,349,E,E349
ACL10579.1_Desulfurococcus-kamchatkensis-1221n,ACL10579.1,lactose,NIMS,8,80,<0.1,below reported 0.1 conversion background; not numeric zero,0.1,3,NA,Archaea,0.004,0,expression_binary=0,false,10.1021/cb500244v,10.1021/cb500244v.s003,cb500244v_si_003.xlsx,Sheet1,349,F,F349
ACL10579.1_Desulfurococcus-kamchatkensis-1221n,ACL10579.1,xylobiose,NIMS,8,90,<0.1,below reported 0.1 conversion background; not numeric zero,0.1,3,NA,Archaea,0.004,0,expression_binary=0,false,10.1021/cb500244v,10.1021/cb500244v.s003,cb500244v_si_003.xlsx,Sheet1,350,D,D350
ACL10579.1_Desulfurococcus-kamchatkensis-1221n,ACL10579.1,cellobiose,NIMS,8,90,<0.1,below reported 0.1 conversion background; not numeric zero,0.1,3,NA,Archaea,0.004,0,expression_binary=0,false,10.1021/cb500244v,10.1021/cb500244v.s003,cb500244v_si_003.xlsx,Sheet1,350,E,E350
ACL10579.1_Desulfurococcus-kamchatkensis-1221n,ACL10579.1,lactose,NIMS,8,90,<0.1,below reported 0.1 conversion background; not numeric zero,0.1,3,NA,Archaea,0.004,0,expression_binary=0,false,10.1021/cb500244v,10.1021/cb500244v.s003,cb500244v_si_003.xlsx,Sheet1,350,F,F350
ACZ37931.1_Sphaerobacter-thermophilus-DSM-20745,ACZ37931.1,xylobiose,NIMS,5,40,<0.1,below reported 0.1 conversion background; not numeric zero,0.1,3,NA,Bacteria,0.014,0,expression_binary=0,false,10.1021/cb500244v,10.1021/cb500244v.s003,cb500244v_si_003.xlsx,Sheet1,447,D,D447
ACZ37931.1_Sphaerobacter-thermophilus-DSM-20745,ACZ37931.1,xylobiose,NIMS,5,60,<0.1,below reported 0.1 conversion background; not numeric zero,0.1,3,NA,Bacteria,0.014,0,expression_binary=0,false,10.1021/cb500244v,10.1021/cb500244v.s003,cb500244v_si_003.xlsx,Sheet1,448,D,D448
ACZ37931.1_Sphaerobacter-thermophilus-DSM-20745,ACZ37931.1,cellobiose,NIMS,5,60,<0.1,below reported 0.1 conversion background; not numeric zero,0.1,3,NA,Bacteria,0.014,0,expression_binary=0,false,10.1021/cb500244v,10.1021/cb500244v.s003,cb500244v_si_003.xlsx,Sheet1,448,E,E448
ACZ37931.1_Sphaerobacter-thermophilus-DSM-20745,ACZ37931.1,lactose,NIMS,5,60,<0.1,below reported 0.1 conversion background; not numeric zero,0.1,3,NA,Bacteria,0.014,0,expression_binary=0,false,10.1021/cb500244v,10.1021/cb500244v.s003,cb500244v_si_003.xlsx,Sheet1,448,F,F448
ACZ37931.1_Sphaerobacter-thermophilus-DSM-20745,ACZ37931.1,xylobiose,NIMS,5,80,<0.1,below reported 0.1 conversion background; not numeric zero,0.1,3,NA,Bacteria,0.014,0,expression_binary=0,false,10.1021/cb500244v,10.1021/cb500244v.s003,cb500244v_si_003.xlsx,Sheet1,449,D,D449
ACZ37931.1_Sphaerobacter-thermophilus-DSM-20745,ACZ37931.1,cellobiose,NIMS,5,80,<0.1,below reported 0.1 conversion background; not numeric zero,0.1,3,NA,Bacteria,0.014,0,expression_binary=0,false,10.1021/cb500244v,10.1021/cb500244v.s003,cb500244v_si_003.xlsx,Sheet1,449,E,E449
ACZ37931.1_Sphaerobacter-thermophilus-DSM-20745,ACZ37931.1,lactose,NIMS,5,80,<0.1,below reported 0.1 conversion background; not numeric zero,0.1,3,NA,Bacteria,0.014,0,expression_binary=0,false,10.1021/cb500244v,10.1021/cb500244v.s003,cb500244v_si_003.xlsx,Sheet1,449,F,F449
ACZ37931.1_Sphaerobacter-thermophilus-DSM-20745,ACZ37931.1,xylobiose,NIMS,5,90,<0.1,below reported 0.1 conversion background; not numeric zero,0.1,3,NA,Bacteria,0.014,0,expression_binary=0,false,10.1021/cb500244v,10.1021/cb500244v.s003,cb500244v_si_003.xlsx,Sheet1,450,D,D450
ACZ37931.1_Sphaerobacter-thermophilus-DSM-20745,ACZ37931.1,cellobiose,NIMS,5,90,<0.1,below reported 0.1 conversion background; not numeric zero,0.1,3,NA,Bacteria,0.014,0,expression_binary=0,false,10.1021/cb500244v,10.1021/cb500244v.s003,cb500244v_si_003.xlsx,Sheet1,450,E,E450
ACZ37931.1_Sphaerobacter-thermophilus-DSM-20745,ACZ37931.1,lactose,NIMS,5,90,<0.1,below reported 0.1 conversion background; not numeric zero,0.1,3,NA,Bacteria,0.014,0,expression_binary=0,false,10.1021/cb500244v,10.1021/cb500244v.s003,cb500244v_si_003.xlsx,Sheet1,450,F,F450
ACZ37931.1_Sphaerobacter-thermophilus-DSM-20745,ACZ37931.1,xylobiose,NIMS,8,40,<0.1,below reported 0.1 conversion background; not numeric zero,0.1,3,NA,Bacteria,0.014,0,expression_binary=0,false,10.1021/cb500244v,10.1021/cb500244v.s003,cb500244v_si_003.xlsx,Sheet1,451,D,D451
ACZ37931.1_Sphaerobacter-thermophilus-DSM-20745,ACZ37931.1,cellobiose,NIMS,8,40,<0.1,below reported 0.1 conversion background; not numeric zero,0.1,3,NA,Bacteria,0.014,0,expression_binary=0,false,10.1021/cb500244v,10.1021/cb500244v.s003,cb500244v_si_003.xlsx,Sheet1,451,E,E451
ACZ37931.1_Sphaerobacter-thermophilus-DSM-20745,ACZ37931.1,lactose,NIMS,8,40,<0.1,below reported 0.1 conversion background; not numeric zero,0.1,3,NA,Bacteria,0.014,0,expression_binary=0,false,10.1021/cb500244v,10.1021/cb500244v.s003,cb500244v_si_003.xlsx,Sheet1,451,F,F451
ACZ37931.1_Sphaerobacter-thermophilus-DSM-20745,ACZ37931.1,xylobiose,NIMS,8,60,<0.1,below reported 0.1 conversion background; not numeric zero,0.1,3,NA,Bacteria,0.014,0,expression_binary=0,false,10.1021/cb500244v,10.1021/cb500244v.s003,cb500244v_si_003.xlsx,Sheet1,452,D,D452
ACZ37931.1_Sphaerobacter-thermophilus-DSM-20745,ACZ37931.1,cellobiose,NIMS,8,60,<0.1,below reported 0.1 conversion background; not numeric zero,0.1,3,NA,Bacteria,0.014,0,expression_binary=0,false,10.1021/cb500244v,10.1021/cb500244v.s003,cb500244v_si_003.xlsx,Sheet1,452,E,E452
ACZ37931.1_Sphaerobacter-thermophilus-DSM-20745,ACZ37931.1,lactose,NIMS,8,60,<0.1,below reported 0.1 conversion background; not numeric zero,0.1,3,NA,Bacteria,0.014,0,expression_binary=0,false,10.1021/cb500244v,10.1021/cb500244v.s003,cb500244v_si_003.xlsx,Sheet1,452,F,F452
ACZ37931.1_Sphaerobacter-thermophilus-DSM-20745,ACZ37931.1,xylobiose,NIMS,8,80,<0.1,below reported 0.1 conversion background; not numeric zero,0.1,3,NA,Bacteria,0.014,0,expression_binary=0,false,10.1021/cb500244v,10.1021/cb500244v.s003,cb500244v_si_003.xlsx,Sheet1,453,D,D453
ACZ37931.1_Sphaerobacter-thermophilus-DSM-20745,ACZ37931.1,cellobiose,NIMS,8,80,<0.1,below reported 0.1 conversion background; not numeric zero,0.1,3,NA,Bacteria,0.014,0,expression_binary=0,false,10.1021/cb500244v,10.1021/cb500244v.s003,cb500244v_si_003.xlsx,Sheet1,453,E,E453
ACZ37931.1_Sphaerobacter-thermophilus-DSM-20745,ACZ37931.1,lactose,NIMS,8,80,<0.1,below reported 0.1 conversion background; not numeric zero,0.1,3,NA,Bacteria,0.014,0,expression_binary=0,false,10.1021/cb500244v,10.1021/cb500244v.s003,cb500244v_si_003.xlsx,Sheet1,453,F,F453
ACZ37931.1_Sphaerobacter-thermophilus-DSM-20745,ACZ37931.1,xylobiose,NIMS,8,90,<0.1,below reported 0.1 conversion background; not numeric zero,0.1,3,NA,Bacteria,0.014,0,expression_binary=0,false,10.1021/cb500244v,10.1021/cb500244v.s003,cb500244v_si_003.xlsx,Sheet1,454,D,D454
ACZ37931.1_Sphaerobacter-thermophilus-DSM-20745,ACZ37931.1,cellobiose,NIMS,8,90,<0.1,below reported 0.1 conversion background; not numeric zero,0.1,3,NA,Bacteria,0.014,0,expression_binary=0,false,10.1021/cb500244v,10.1021/cb500244v.s003,cb500244v_si_003.xlsx,Sheet1,454,E,E454
ACZ37931.1_Sphaerobacter-thermophilus-DSM-20745,ACZ37931.1,lactose,NIMS,8,90,<0.1,below reported 0.1 conversion background; not numeric zero,0.1,3,NA,Bacteria,0.014,0,expression_binary=0,false,10.1021/cb500244v,10.1021/cb500244v.s003,cb500244v_si_003.xlsx,Sheet1,454,F,F454
BAD63025.1_Bacillus-clausii-KSM-K16,BAD63025.1,xylobiose,NIMS,5,40,<0.1,below reported 0.1 conversion background; not numeric zero,0.1,3,NA,Bacteria,0.001,0,expression_binary=0,false,10.1021/cb500244v,10.1021/cb500244v.s003,cb500244v_si_003.xlsx,Sheet1,599,D,D599
BAD63025.1_Bacillus-clausii-KSM-K16,BAD63025.1,cellobiose,NIMS,5,40,<0.1,below reported 0.1 conversion background; not numeric zero,0.1,3,NA,Bacteria,0.001,0,expression_binary=0,false,10.1021/cb500244v,10.1021/cb500244v.s003,cb500244v_si_003.xlsx,Sheet1,599,E,E599
BAD63025.1_Bacillus-clausii-KSM-K16,BAD63025.1,lactose,NIMS,5,40,<0.1,below reported 0.1 conversion background; not numeric zero,0.1,3,NA,Bacteria,0.001,0,expression_binary=0,false,10.1021/cb500244v,10.1021/cb500244v.s003,cb500244v_si_003.xlsx,Sheet1,599,F,F599
BAD63025.1_Bacillus-clausii-KSM-K16,BAD63025.1,xylobiose,NIMS,5,60,<0.1,below reported 0.1 conversion background; not numeric zero,0.1,3,NA,Bacteria,0.001,0,expression_binary=0,false,10.1021/cb500244v,10.1021/cb500244v.s003,cb500244v_si_003.xlsx,Sheet1,600,D,D600
BAD63025.1_Bacillus-clausii-KSM-K16,BAD63025.1,cellobiose,NIMS,5,60,<0.1,below reported 0.1 conversion background; not numeric zero,0.1,3,NA,Bacteria,0.001,0,expression_binary=0,false,10.1021/cb500244v,10.1021/cb500244v.s003,cb500244v_si_003.xlsx,Sheet1,600,E,E600
BAD63025.1_Bacillus-clausii-KSM-K16,BAD63025.1,lactose,NIMS,5,60,<0.1,below reported 0.1 conversion background; not numeric zero,0.1,3,NA,Bacteria,0.001,0,expression_binary=0,false,10.1021/cb500244v,10.1021/cb500244v.s003,cb500244v_si_003.xlsx,Sheet1,600,F,F600
BAD63025.1_Bacillus-clausii-KSM-K16,BAD63025.1,xylobiose,NIMS,5,80,<0.1,below reported 0.1 conversion background; not numeric zero,0.1,3,NA,Bacteria,0.001,0,expression_binary=0,false,10.1021/cb500244v,10.1021/cb500244v.s003,cb500244v_si_003.xlsx,Sheet1,601,D,D601
BAD63025.1_Bacillus-clausii-KSM-K16,BAD63025.1,cellobiose,NIMS,5,80,<0.1,below reported 0.1 conversion background; not numeric zero,0.1,3,NA,Bacteria,0.001,0,expression_binary=0,false,10.1021/cb500244v,10.1021/cb500244v.s003,cb500244v_si_003.xlsx,Sheet1,601,E,E601
BAD63025.1_Bacillus-clausii-KSM-K16,BAD63025.1,lactose,NIMS,5,80,<0.1,below reported 0.1 conversion background; not numeric zero,0.1,3,NA,Bacteria,0.001,0,expression_binary=0,false,10.1021/cb500244v,10.1021/cb500244v.s003,cb500244v_si_003.xlsx,Sheet1,601,F,F601
BAD63025.1_Bacillus-clausii-KSM-K16,BAD63025.1,xylobiose,NIMS,5,90,<0.1,below reported 0.1 conversion background; not numeric zero,0.1,3,NA,Bacteria,0.001,0,expression_binary=0,false,10.1021/cb500244v,10.1021/cb500244v.s003,cb500244v_si_003.xlsx,Sheet1,602,D,D602
BAD63025.1_Bacillus-clausii-KSM-K16,BAD63025.1,cellobiose,NIMS,5,90,<0.1,below reported 0.1 conversion background; not numeric zero,0.1,3,NA,Bacteria,0.001,0,expression_binary=0,false,10.1021/cb500244v,10.1021/cb500244v.s003,cb500244v_si_003.xlsx,Sheet1,602,E,E602
BAD63025.1_Bacillus-clausii-KSM-K16,BAD63025.1,lactose,NIMS,5,90,<0.1,below reported 0.1 conversion background; not numeric zero,0.1,3,NA,Bacteria,0.001,0,expression_binary=0,false,10.1021/cb500244v,10.1021/cb500244v.s003,cb500244v_si_003.xlsx,Sheet1,602,F,F602
BAD63025.1_Bacillus-clausii-KSM-K16,BAD63025.1,xylobiose,NIMS,8,40,<0.1,below reported 0.1 conversion background; not numeric zero,0.1,3,NA,Bacteria,0.001,0,expression_binary=0,false,10.1021/cb500244v,10.1021/cb500244v.s003,cb500244v_si_003.xlsx,Sheet1,603,D,D603
BAD63025.1_Bacillus-clausii-KSM-K16,BAD63025.1,cellobiose,NIMS,8,40,<0.1,below reported 0.1 conversion background; not numeric zero,0.1,3,NA,Bacteria,0.001,0,expression_binary=0,false,10.1021/cb500244v,10.1021/cb500244v.s003,cb500244v_si_003.xlsx,Sheet1,603,E,E603
BAD63025.1_Bacillus-clausii-KSM-K16,BAD63025.1,lactose,NIMS,8,40,<0.1,below reported 0.1 conversion background; not numeric zero,0.1,3,NA,Bacteria,0.001,0,expression_binary=0,false,10.1021/cb500244v,10.1021/cb500244v.s003,cb500244v_si_003.xlsx,Sheet1,603,F,F603
BAD63025.1_Bacillus-clausii-KSM-K16,BAD63025.1,xylobiose,NIMS,8,60,<0.1,below reported 0.1 conversion background; not numeric zero,0.1,3,NA,Bacteria,0.001,0,expression_binary=0,false,10.1021/cb500244v,10.1021/cb500244v.s003,cb500244v_si_003.xlsx,Sheet1,604,D,D604
BAD63025.1_Bacillus-clausii-KSM-K16,BAD63025.1,cellobiose,NIMS,8,60,<0.1,below reported 0.1 conversion background; not numeric zero,0.1,3,NA,Bacteria,0.001,0,expression_binary=0,false,10.1021/cb500244v,10.1021/cb500244v.s003,cb500244v_si_003.xlsx,Sheet1,604,E,E604
BAD63025.1_Bacillus-clausii-KSM-K16,BAD63025.1,lactose,NIMS,8,60,<0.1,below reported 0.1 conversion background; not numeric zero,0.1,3,NA,Bacteria,0.001,0,expression_binary=0,false,10.1021/cb500244v,10.1021/cb500244v.s003,cb500244v_si_003.xlsx,Sheet1,604,F,F604
BAD63025.1_Bacillus-clausii-KSM-K16,BAD63025.1,xylobiose,NIMS,8,80,<0.1,below reported 0.1 conversion background; not numeric zero,0.1,3,NA,Bacteria,0.001,0,expression_binary=0,false,10.1021/cb500244v,10.1021/cb500244v.s003,cb500244v_si_003.xlsx,Sheet1,605,D,D605
BAD63025.1_Bacillus-clausii-KSM-K16,BAD63025.1,cellobiose,NIMS,8,80,<0.1,below reported 0.1 conversion background; not numeric zero,0.1,3,NA,Bacteria,0.001,0,expression_binary=0,false,10.1021/cb500244v,10.1021/cb500244v.s003,cb500244v_si_003.xlsx,Sheet1,605,E,E605
BAD63025.1_Bacillus-clausii-KSM-K16,BAD63025.1,lactose,NIMS,8,80,<0.1,below reported 0.1 conversion background; not numeric zero,0.1,3,NA,Bacteria,0.001,0,expression_binary=0,false,10.1021/cb500244v,10.1021/cb500244v.s003,cb500244v_si_003.xlsx,Sheet1,605,F,F605
BAD63025.1_Bacillus-clausii-KSM-K16,BAD63025.1,xylobiose,NIMS,8,90,<0.1,below reported 0.1 conversion background; not numeric zero,0.1,3,NA,Bacteria,0.001,0,expression_binary=0,false,10.1021/cb500244v,10.1021/cb500244v.s003,cb500244v_si_003.xlsx,Sheet1,606,D,D606
BAD63025.1_Bacillus-clausii-KSM-K16,BAD63025.1,cellobiose,NIMS,8,90,<0.1,below reported 0.1 conversion background; not numeric zero,0.1,3,NA,Bacteria,0.001,0,expression_binary=0,false,10.1021/cb500244v,10.1021/cb500244v.s003,cb500244v_si_003.xlsx,Sheet1,606,E,E606
BAD63025.1_Bacillus-clausii-KSM-K16,BAD63025.1,lactose,NIMS,8,90,<0.1,below reported 0.1 conversion background; not numeric zero,0.1,3,NA,Bacteria,0.001,0,expression_binary=0,false,10.1021/cb500244v,10.1021/cb500244v.s003,cb500244v_si_003.xlsx,Sheet1,606,F,F606
CAA56282.1_Pantoea-agglomerans,CAA56282.1,xylobiose,NIMS,5,40,<0.1,below reported 0.1 conversion background; not numeric zero,0.1,3,NA,Bacteria,0.003,0,expression_binary=0,false,10.1021/cb500244v,10.1021/cb500244v.s003,cb500244v_si_003.xlsx,Sheet1,679,D,D679
CAA56282.1_Pantoea-agglomerans,CAA56282.1,cellobiose,NIMS,5,40,<0.1,below reported 0.1 conversion background; not numeric zero,0.1,3,NA,Bacteria,0.003,0,expression_binary=0,false,10.1021/cb500244v,10.1021/cb500244v.s003,cb500244v_si_003.xlsx,Sheet1,679,E,E679
CAA56282.1_Pantoea-agglomerans,CAA56282.1,lactose,NIMS,5,40,<0.1,below reported 0.1 conversion background; not numeric zero,0.1,3,NA,Bacteria,0.003,0,expression_binary=0,false,10.1021/cb500244v,10.1021/cb500244v.s003,cb500244v_si_003.xlsx,Sheet1,679,F,F679
CAA56282.1_Pantoea-agglomerans,CAA56282.1,xylobiose,NIMS,5,60,<0.1,below reported 0.1 conversion background; not numeric zero,0.1,3,NA,Bacteria,0.003,0,expression_binary=0,false,10.1021/cb500244v,10.1021/cb500244v.s003,cb500244v_si_003.xlsx,Sheet1,680,D,D680
CAA56282.1_Pantoea-agglomerans,CAA56282.1,cellobiose,NIMS,5,60,<0.1,below reported 0.1 conversion background; not numeric zero,0.1,3,NA,Bacteria,0.003,0,expression_binary=0,false,10.1021/cb500244v,10.1021/cb500244v.s003,cb500244v_si_003.xlsx,Sheet1,680,E,E680
CAA56282.1_Pantoea-agglomerans,CAA56282.1,lactose,NIMS,5,60,<0.1,below reported 0.1 conversion background; not numeric zero,0.1,3,NA,Bacteria,0.003,0,expression_binary=0,false,10.1021/cb500244v,10.1021/cb500244v.s003,cb500244v_si_003.xlsx,Sheet1,680,F,F680
CAA56282.1_Pantoea-agglomerans,CAA56282.1,xylobiose,NIMS,5,80,<0.1,below reported 0.1 conversion background; not numeric zero,0.1,3,NA,Bacteria,0.003,0,expression_binary=0,false,10.1021/cb500244v,10.1021/cb500244v.s003,cb500244v_si_003.xlsx,Sheet1,681,D,D681
CAA56282.1_Pantoea-agglomerans,CAA56282.1,cellobiose,NIMS,5,80,<0.1,below reported 0.1 conversion background; not numeric zero,0.1,3,NA,Bacteria,0.003,0,expression_binary=0,false,10.1021/cb500244v,10.1021/cb500244v.s003,cb500244v_si_003.xlsx,Sheet1,681,E,E681
CAA56282.1_Pantoea-agglomerans,CAA56282.1,lactose,NIMS,5,80,<0.1,below reported 0.1 conversion background; not numeric zero,0.1,3,NA,Bacteria,0.003,0,expression_binary=0,false,10.1021/cb500244v,10.1021/cb500244v.s003,cb500244v_si_003.xlsx,Sheet1,681,F,F681
CAA56282.1_Pantoea-agglomerans,CAA56282.1,xylobiose,NIMS,5,90,<0.1,below reported 0.1 conversion background; not numeric zero,0.1,3,NA,Bacteria,0.003,0,expression_binary=0,false,10.1021/cb500244v,10.1021/cb500244v.s003,cb500244v_si_003.xlsx,Sheet1,682,D,D682
CAA56282.1_Pantoea-agglomerans,CAA56282.1,cellobiose,NIMS,5,90,<0.1,below reported 0.1 conversion background; not numeric zero,0.1,3,NA,Bacteria,0.003,0,expression_binary=0,false,10.1021/cb500244v,10.1021/cb500244v.s003,cb500244v_si_003.xlsx,Sheet1,682,E,E682
CAA56282.1_Pantoea-agglomerans,CAA56282.1,lactose,NIMS,5,90,<0.1,below reported 0.1 conversion background; not numeric zero,0.1,3,NA,Bacteria,0.003,0,expression_binary=0,false,10.1021/cb500244v,10.1021/cb500244v.s003,cb500244v_si_003.xlsx,Sheet1,682,F,F682
CAA56282.1_Pantoea-agglomerans,CAA56282.1,xylobiose,NIMS,8,40,<0.1,below reported 0.1 conversion background; not numeric zero,0.1,3,NA,Bacteria,0.003,0,expression_binary=0,false,10.1021/cb500244v,10.1021/cb500244v.s003,cb500244v_si_003.xlsx,Sheet1,683,D,D683
CAA56282.1_Pantoea-agglomerans,CAA56282.1,cellobiose,NIMS,8,40,<0.1,below reported 0.1 conversion background; not numeric zero,0.1,3,NA,Bacteria,0.003,0,expression_binary=0,false,10.1021/cb500244v,10.1021/cb500244v.s003,cb500244v_si_003.xlsx,Sheet1,683,E,E683
CAA56282.1_Pantoea-agglomerans,CAA56282.1,lactose,NIMS,8,40,<0.1,below reported 0.1 conversion background; not numeric zero,0.1,3,NA,Bacteria,0.003,0,expression_binary=0,false,10.1021/cb500244v,10.1021/cb500244v.s003,cb500244v_si_003.xlsx,Sheet1,683,F,F683
CAA56282.1_Pantoea-agglomerans,CAA56282.1,xylobiose,NIMS,8,60,<0.1,below reported 0.1 conversion background; not numeric zero,0.1,3,NA,Bacteria,0.003,0,expression_binary=0,false,10.1021/cb500244v,10.1021/cb500244v.s003,cb500244v_si_003.xlsx,Sheet1,684,D,D684
CAA56282.1_Pantoea-agglomerans,CAA56282.1,cellobiose,NIMS,8,60,<0.1,below reported 0.1 conversion background; not numeric zero,0.1,3,NA,Bacteria,0.003,0,expression_binary=0,false,10.1021/cb500244v,10.1021/cb500244v.s003,cb500244v_si_003.xlsx,Sheet1,684,E,E684
CAA56282.1_Pantoea-agglomerans,CAA56282.1,lactose,NIMS,8,60,<0.1,below reported 0.1 conversion background; not numeric zero,0.1,3,NA,Bacteria,0.003,0,expression_binary=0,false,10.1021/cb500244v,10.1021/cb500244v.s003,cb500244v_si_003.xlsx,Sheet1,684,F,F684
CAA56282.1_Pantoea-agglomerans,CAA56282.1,xylobiose,NIMS,8,80,<0.1,below reported 0.1 conversion background; not numeric zero,0.1,3,NA,Bacteria,0.003,0,expression_binary=0,false,10.1021/cb500244v,10.1021/cb500244v.s003,cb500244v_si_003.xlsx,Sheet1,685,D,D685
CAA56282.1_Pantoea-agglomerans,CAA56282.1,cellobiose,NIMS,8,80,<0.1,below reported 0.1 conversion background; not numeric zero,0.1,3,NA,Bacteria,0.003,0,expression_binary=0,false,10.1021/cb500244v,10.1021/cb500244v.s003,cb500244v_si_003.xlsx,Sheet1,685,E,E685
CAA56282.1_Pantoea-agglomerans,CAA56282.1,lactose,NIMS,8,80,<0.1,below reported 0.1 conversion background; not numeric zero,0.1,3,NA,Bacteria,0.003,0,expression_binary=0,false,10.1021/cb500244v,10.1021/cb500244v.s003,cb500244v_si_003.xlsx,Sheet1,685,F,F685
ACO22341.1_Streptococcus-pneumoniae-Taiwan19F-14,ACO22341.1,xylobiose,NIMS,5,40,<0.1,below reported 0.1 conversion background; not numeric zero,0.1,3,NA,Bacteria,0.004,0,expression_binary=0,false,10.1021/cb500244v,10.1021/cb500244v.s003,cb500244v_si_003.xlsx,Sheet1,766,D,D766
ACO22341.1_Streptococcus-pneumoniae-Taiwan19F-14,ACO22341.1,cellobiose,NIMS,5,40,<0.1,below reported 0.1 conversion background; not numeric zero,0.1,3,NA,Bacteria,0.004,0,expression_binary=0,false,10.1021/cb500244v,10.1021/cb500244v.s003,cb500244v_si_003.xlsx,Sheet1,766,E,E766
ACO22341.1_Streptococcus-pneumoniae-Taiwan19F-14,ACO22341.1,lactose,NIMS,5,40,<0.1,below reported 0.1 conversion background; not numeric zero,0.1,3,NA,Bacteria,0.004,0,expression_binary=0,false,10.1021/cb500244v,10.1021/cb500244v.s003,cb500244v_si_003.xlsx,Sheet1,766,F,F766
ACO22341.1_Streptococcus-pneumoniae-Taiwan19F-14,ACO22341.1,xylobiose,NIMS,5,60,<0.1,below reported 0.1 conversion background; not numeric zero,0.1,3,NA,Bacteria,0.004,0,expression_binary=0,false,10.1021/cb500244v,10.1021/cb500244v.s003,cb500244v_si_003.xlsx,Sheet1,767,D,D767
ACO22341.1_Streptococcus-pneumoniae-Taiwan19F-14,ACO22341.1,cellobiose,NIMS,5,60,<0.1,below reported 0.1 conversion background; not numeric zero,0.1,3,NA,Bacteria,0.004,0,expression_binary=0,false,10.1021/cb500244v,10.1021/cb500244v.s003,cb500244v_si_003.xlsx,Sheet1,767,E,E767
ACO22341.1_Streptococcus-pneumoniae-Taiwan19F-14,ACO22341.1,lactose,NIMS,5,60,<0.1,below reported 0.1 conversion background; not numeric zero,0.1,3,NA,Bacteria,0.004,0,expression_binary=0,false,10.1021/cb500244v,10.1021/cb500244v.s003,cb500244v_si_003.xlsx,Sheet1,767,F,F767
ACO22341.1_Streptococcus-pneumoniae-Taiwan19F-14,ACO22341.1,xylobiose,NIMS,5,80,<0.1,below reported 0.1 conversion background; not numeric zero,0.1,3,NA,Bacteria,0.004,0,expression_binary=0,false,10.1021/cb500244v,10.1021/cb500244v.s003,cb500244v_si_003.xlsx,Sheet1,768,D,D768
ACO22341.1_Streptococcus-pneumoniae-Taiwan19F-14,ACO22341.1,cellobiose,NIMS,5,80,<0.1,below reported 0.1 conversion background; not numeric zero,0.1,3,NA,Bacteria,0.004,0,expression_binary=0,false,10.1021/cb500244v,10.1021/cb500244v.s003,cb500244v_si_003.xlsx,Sheet1,768,E,E768
ACO22341.1_Streptococcus-pneumoniae-Taiwan19F-14,ACO22341.1,lactose,NIMS,5,80,<0.1,below reported 0.1 conversion background; not numeric zero,0.1,3,NA,Bacteria,0.004,0,expression_binary=0,false,10.1021/cb500244v,10.1021/cb500244v.s003,cb500244v_si_003.xlsx,Sheet1,768,F,F768
ACO22341.1_Streptococcus-pneumoniae-Taiwan19F-14,ACO22341.1,xylobiose,NIMS,5,90,<0.1,below reported 0.1 conversion background; not numeric zero,0.1,3,NA,Bacteria,0.004,0,expression_binary=0,false,10.1021/cb500244v,10.1021/cb500244v.s003,cb500244v_si_003.xlsx,Sheet1,769,D,D769
ACO22341.1_Streptococcus-pneumoniae-Taiwan19F-14,ACO22341.1,cellobiose,NIMS,5,90,<0.1,below reported 0.1 conversion background; not numeric zero,0.1,3,NA,Bacteria,0.004,0,expression_binary=0,false,10.1021/cb500244v,10.1021/cb500244v.s003,cb500244v_si_003.xlsx,Sheet1,769,E,E769
ACO22341.1_Streptococcus-pneumoniae-Taiwan19F-14,ACO22341.1,lactose,NIMS,5,90,<0.1,below reported 0.1 conversion background; not numeric zero,0.1,3,NA,Bacteria,0.004,0,expression_binary=0,false,10.1021/cb500244v,10.1021/cb500244v.s003,cb500244v_si_003.xlsx,Sheet1,769,F,F769
ACO22341.1_Streptococcus-pneumoniae-Taiwan19F-14,ACO22341.1,xylobiose,NIMS,8,40,<0.1,below reported 0.1 conversion background; not numeric zero,0.1,3,NA,Bacteria,0.004,0,expression_binary=0,false,10.1021/cb500244v,10.1021/cb500244v.s003,cb500244v_si_003.xlsx,Sheet1,770,D,D770
ACO22341.1_Streptococcus-pneumoniae-Taiwan19F-14,ACO22341.1,cellobiose,NIMS,8,40,<0.1,below reported 0.1 conversion background; not numeric zero,0.1,3,NA,Bacteria,0.004,0,expression_binary=0,false,10.1021/cb500244v,10.1021/cb500244v.s003,cb500244v_si_003.xlsx,Sheet1,770,E,E770
ACO22341.1_Streptococcus-pneumoniae-Taiwan19F-14,ACO22341.1,lactose,NIMS,8,40,<0.1,below reported 0.1 conversion background; not numeric zero,0.1,3,NA,Bacteria,0.004,0,expression_binary=0,false,10.1021/cb500244v,10.1021/cb500244v.s003,cb500244v_si_003.xlsx,Sheet1,770,F,F770
ACO22341.1_Streptococcus-pneumoniae-Taiwan19F-14,ACO22341.1,xylobiose,NIMS,8,60,<0.1,below reported 0.1 conversion background; not numeric zero,0.1,3,NA,Bacteria,0.004,0,expression_binary=0,false,10.1021/cb500244v,10.1021/cb500244v.s003,cb500244v_si_003.xlsx,Sheet1,771,D,D771
ACO22341.1_Streptococcus-pneumoniae-Taiwan19F-14,ACO22341.1,cellobiose,NIMS,8,60,<0.1,below reported 0.1 conversion background; not numeric zero,0.1,3,NA,Bacteria,0.004,0,expression_binary=0,false,10.1021/cb500244v,10.1021/cb500244v.s003,cb500244v_si_003.xlsx,Sheet1,771,E,E771
ACO22341.1_Streptococcus-pneumoniae-Taiwan19F-14,ACO22341.1,lactose,NIMS,8,60,<0.1,below reported 0.1 conversion background; not numeric zero,0.1,3,NA,Bacteria,0.004,0,expression_binary=0,false,10.1021/cb500244v,10.1021/cb500244v.s003,cb500244v_si_003.xlsx,Sheet1,771,F,F771
ACO22341.1_Streptococcus-pneumoniae-Taiwan19F-14,ACO22341.1,xylobiose,NIMS,8,80,<0.1,below reported 0.1 conversion background; not numeric zero,0.1,3,NA,Bacteria,0.004,0,expression_binary=0,false,10.1021/cb500244v,10.1021/cb500244v.s003,cb500244v_si_003.xlsx,Sheet1,772,D,D772
ACO22341.1_Streptococcus-pneumoniae-Taiwan19F-14,ACO22341.1,cellobiose,NIMS,8,80,<0.1,below reported 0.1 conversion background; not numeric zero,0.1,3,NA,Bacteria,0.004,0,expression_binary=0,false,10.1021/cb500244v,10.1021/cb500244v.s003,cb500244v_si_003.xlsx,Sheet1,772,E,E772
ACO22341.1_Streptococcus-pneumoniae-Taiwan19F-14,ACO22341.1,lactose,NIMS,8,80,<0.1,below reported 0.1 conversion background; not numeric zero,0.1,3,NA,Bacteria,0.004,0,expression_binary=0,false,10.1021/cb500244v,10.1021/cb500244v.s003,cb500244v_si_003.xlsx,Sheet1,772,F,F772
ACO22341.1_Streptococcus-pneumoniae-Taiwan19F-14,ACO22341.1,xylobiose,NIMS,8,90,<0.1,below reported 0.1 conversion background; not numeric zero,0.1,3,NA,Bacteria,0.004,0,expression_binary=0,false,10.1021/cb500244v,10.1021/cb500244v.s003,cb500244v_si_003.xlsx,Sheet1,773,D,D773
ACO22341.1_Streptococcus-pneumoniae-Taiwan19F-14,ACO22341.1,cellobiose,NIMS,8,90,<0.1,below reported 0.1 conversion background; not numeric zero,0.1,3,NA,Bacteria,0.004,0,expression_binary=0,false,10.1021/cb500244v,10.1021/cb500244v.s003,cb500244v_si_003.xlsx,Sheet1,773,E,E773
ACO22341.1_Streptococcus-pneumoniae-Taiwan19F-14,ACO22341.1,lactose,NIMS,8,90,<0.1,below reported 0.1 conversion background; not numeric zero,0.1,3,NA,Bacteria,0.004,0,expression_binary=0,false,10.1021/cb500244v,10.1021/cb500244v.s003,cb500244v_si_003.xlsx,Sheet1,773,F,F773
