protein_accession_species,ncbi_accession,substrate,distinct_pH_temperature_conditions,raw_condition_cells_including_source_duplicates,explicit_below_background_cells,numeric_above_background_cells,exact_threshold_boundary_cells,numeric_below_background_not_censored_string_cells,missing_or_non_numeric_cells,pair_context_state
AAA22264.1_Paenibacillus-polymyxa,AAA22264.1,cellobiose,8,8,7,1,0,0,0,mixed_below_and_above_across_conditions
AAA22264.1_Paenibacillus-polymyxa,AAA22264.1,lactose,8,8,7,1,0,0,0,mixed_below_and_above_across_conditions
AAA22264.1_Paenibacillus-polymyxa,AAA22264.1,xylobiose,8,8,8,0,0,0,0,explicit_below_background_no_above_readout
AAA22266.1_Bacillus-circulans-subsp.-alkalophilus,AAA22266.1,cellobiose,8,8,8,0,0,0,0,explicit_below_background_no_above_readout
AAA22266.1_Bacillus-circulans-subsp.-alkalophilus,AAA22266.1,lactose,8,8,8,0,0,0,0,explicit_below_background_no_above_readout
AAA22266.1_Bacillus-circulans-subsp.-alkalophilus,AAA22266.1,xylobiose,8,8,8,0,0,0,0,explicit_below_background_no_above_readout
AAA72843.1_Sulfolobus-solfataricus,AAA72843.1,cellobiose,8,8,1,7,0,0,0,mixed_below_and_above_across_conditions
AAA72843.1_Sulfolobus-solfataricus,AAA72843.1,lactose,8,8,1,7,0,0,0,mixed_below_and_above_across_conditions
AAA72843.1_Sulfolobus-solfataricus,AAA72843.1,xylobiose,8,8,2,6,0,0,0,mixed_below_and_above_across_conditions
AAF36392.1_Thermus-nonproteolyticus,AAF36392.1,cellobiose,8,8,0,8,0,0,0,above_background_only
AAF36392.1_Thermus-nonproteolyticus,AAF36392.1,lactose,8,8,0,8,0,0,0,above_background_only
AAF36392.1_Thermus-nonproteolyticus,AAF36392.1,xylobiose,8,8,8,0,0,0,0,explicit_below_background_no_above_readout
AAF37730.1_Thermobifida-fusca,AAF37730.1,cellobiose,8,8,4,4,0,0,0,mixed_below_and_above_across_conditions
AAF37730.1_Thermobifida-fusca,AAF37730.1,lactose,8,8,4,4,0,0,0,mixed_below_and_above_across_conditions
AAF37730.1_Thermobifida-fusca,AAF37730.1,xylobiose,8,8,8,0,0,0,0,explicit_below_background_no_above_readout
AAK78365.1_Clostridium-acetobutylicum-ATCC-824,AAK78365.1,cellobiose,8,8,8,0,0,0,0,explicit_below_background_no_above_readout
AAK78365.1_Clostridium-acetobutylicum-ATCC-824,AAK78365.1,lactose,8,8,8,0,0,0,0,explicit_below_background_no_above_readout
AAK78365.1_Clostridium-acetobutylicum-ATCC-824,AAK78365.1,xylobiose,8,8,8,0,0,0,0,explicit_below_background_no_above_readout
AAL81332.1_Pyrococcus-furiosus-DSM-3638,AAL81332.1,cellobiose,8,8,0,8,0,0,0,above_background_only
AAL81332.1_Pyrococcus-furiosus-DSM-3638,AAL81332.1,lactose,8,8,0,8,0,0,0,above_background_only
AAL81332.1_Pyrococcus-furiosus-DSM-3638,AAL81332.1,xylobiose,8,8,8,0,0,0,0,explicit_below_background_no_above_readout
AAP57758.1_Trichoderma-reesei,AAP57758.1,cellobiose,8,8,8,0,0,0,0,explicit_below_background_no_above_readout
AAP57758.1_Trichoderma-reesei,AAP57758.1,lactose,8,8,8,0,0,0,0,explicit_below_background_no_above_readout
AAP57758.1_Trichoderma-reesei,AAP57758.1,xylobiose,8,8,8,0,0,0,0,explicit_below_background_no_above_readout
AAQ00997.1_Clostridium-cellulovorans,AAQ00997.1,cellobiose,8,8,1,7,0,0,0,mixed_below_and_above_across_conditions
AAQ00997.1_Clostridium-cellulovorans,AAQ00997.1,lactose,8,8,0,8,0,0,0,above_background_only
AAQ00997.1_Clostridium-cellulovorans,AAQ00997.1,xylobiose,8,8,8,0,0,0,0,explicit_below_background_no_above_readout
AAT59229.1_Bacillus-thuringiensis-serovar-konkukian-str.-97-27,AAT59229.1,cellobiose,8,8,8,0,0,0,0,explicit_below_background_no_above_readout
AAT59229.1_Bacillus-thuringiensis-serovar-konkukian-str.-97-27,AAT59229.1,lactose,8,8,8,0,0,0,0,explicit_below_background_no_above_readout
AAT59229.1_Bacillus-thuringiensis-serovar-konkukian-str.-97-27,AAT59229.1,xylobiose,8,8,8,0,0,0,0,explicit_below_background_no_above_readout
AAU43012.1_Bacillus-licheniformis-DSM-13-=-ATCC-14580,AAU43012.1,cellobiose,8,8,8,0,0,0,0,explicit_below_background_no_above_readout
AAU43012.1_Bacillus-licheniformis-DSM-13-=-ATCC-14580,AAU43012.1,lactose,8,8,8,0,0,0,0,explicit_below_background_no_above_readout
AAU43012.1_Bacillus-licheniformis-DSM-13-=-ATCC-14580,AAU43012.1,xylobiose,8,8,8,0,0,0,0,explicit_below_background_no_above_readout
AAU92142.1_Methylococcus-capsulatus-str.-Bath,AAU92142.1,cellobiose,8,8,8,0,0,0,0,explicit_below_background_no_above_readout
AAU92142.1_Methylococcus-capsulatus-str.-Bath,AAU92142.1,lactose,8,8,8,0,0,0,0,explicit_below_background_no_above_readout
AAU92142.1_Methylococcus-capsulatus-str.-Bath,AAU92142.1,xylobiose,8,8,8,0,0,0,0,explicit_below_background_no_above_readout
AAY81155.1_Sulfolobus-acidocaldarius-DSM-639,AAY81155.1,cellobiose,8,8,2,6,0,0,0,mixed_below_and_above_across_conditions
AAY81155.1_Sulfolobus-acidocaldarius-DSM-639,AAY81155.1,lactose,8,8,2,6,0,0,0,mixed_below_and_above_across_conditions
AAY81155.1_Sulfolobus-acidocaldarius-DSM-639,AAY81155.1,xylobiose,8,8,8,0,0,0,0,explicit_below_background_no_above_readout
AAZ81839.1_Alicyclobacillus-acidocaldarius,AAZ81839.1,cellobiose,8,8,2,6,0,0,0,mixed_below_and_above_across_conditions
AAZ81839.1_Alicyclobacillus-acidocaldarius,AAZ81839.1,lactose,8,8,2,6,0,0,0,mixed_below_and_above_across_conditions
AAZ81839.1_Alicyclobacillus-acidocaldarius,AAZ81839.1,xylobiose,8,8,5,3,0,0,0,mixed_below_and_above_across_conditions
ABC33525.1_Hahella-chejuensis-KCTC-2396,ABC33525.1,cellobiose,8,8,5,3,0,0,0,mixed_below_and_above_across_conditions
ABC33525.1_Hahella-chejuensis-KCTC-2396,ABC33525.1,lactose,8,8,5,3,0,0,0,mixed_below_and_above_across_conditions
ABC33525.1_Hahella-chejuensis-KCTC-2396,ABC33525.1,xylobiose,8,8,8,0,0,0,0,explicit_below_background_no_above_readout
ABC92395.1_Rhizobium-etli-CFN-42,ABC92395.1,cellobiose,8,8,8,0,0,0,0,explicit_below_background_no_above_readout
ABC92395.1_Rhizobium-etli-CFN-42,ABC92395.1,lactose,8,8,8,0,0,0,0,explicit_below_background_no_above_readout
ABC92395.1_Rhizobium-etli-CFN-42,ABC92395.1,xylobiose,8,8,8,0,0,0,0,explicit_below_background_no_above_readout
ABD80656.1_Saccharophagus-degradans-2-40,ABD80656.1,cellobiose,8,8,6,2,0,0,0,mixed_below_and_above_across_conditions
ABD80656.1_Saccharophagus-degradans-2-40,ABD80656.1,lactose,8,8,6,2,0,0,0,mixed_below_and_above_across_conditions
ABD80656.1_Saccharophagus-degradans-2-40,ABD80656.1,xylobiose,8,8,8,0,0,0,0,explicit_below_background_no_above_readout
ABD82858.1_Saccharophagus-degradans-2-40,ABD82858.1,cellobiose,8,8,5,3,0,0,0,mixed_below_and_above_across_conditions
ABD82858.1_Saccharophagus-degradans-2-40,ABD82858.1,lactose,8,8,5,3,0,0,0,mixed_below_and_above_across_conditions
ABD82858.1_Saccharophagus-degradans-2-40,ABD82858.1,xylobiose,8,8,8,0,0,0,0,explicit_below_background_no_above_readout
ABF87202.1_Myxococcus-xanthus-DK-1622,ABF87202.1,cellobiose,8,8,6,2,0,0,0,mixed_below_and_above_across_conditions
ABF87202.1_Myxococcus-xanthus-DK-1622,ABF87202.1,lactose,8,8,5,2,1,0,0,mixed_below_and_above_across_conditions
ABF87202.1_Myxococcus-xanthus-DK-1622,ABF87202.1,xylobiose,8,8,8,0,0,0,0,explicit_below_background_no_above_readout
ABK51908.1_Acidothermus-cellulolyticus-11B,ABK51908.1,cellobiose,8,8,4,4,0,0,0,mixed_below_and_above_across_conditions
ABK51908.1_Acidothermus-cellulolyticus-11B,ABK51908.1,lactose,8,8,4,4,0,0,0,mixed_below_and_above_across_conditions
ABK51908.1_Acidothermus-cellulolyticus-11B,ABK51908.1,xylobiose,8,8,8,0,0,0,0,explicit_below_background_no_above_readout
ABK71329.1_Mycobacterium-smegmatis-str.-MC2-155,ABK71329.1,cellobiose,8,8,6,2,0,0,0,mixed_below_and_above_across_conditions
ABK71329.1_Mycobacterium-smegmatis-str.-MC2-155,ABK71329.1,lactose,8,8,8,0,0,0,0,explicit_below_background_no_above_readout
ABK71329.1_Mycobacterium-smegmatis-str.-MC2-155,ABK71329.1,xylobiose,8,8,8,0,0,0,0,explicit_below_background_no_above_readout
ABP70047.1_Rhodobacter-sphaeroides-ATCC-17025,ABP70047.1,cellobiose,8,8,4,4,0,0,0,mixed_below_and_above_across_conditions
ABP70047.1_Rhodobacter-sphaeroides-ATCC-17025,ABP70047.1,lactose,8,8,4,4,0,0,0,mixed_below_and_above_across_conditions
ABP70047.1_Rhodobacter-sphaeroides-ATCC-17025,ABP70047.1,xylobiose,8,8,7,1,0,0,0,mixed_below_and_above_across_conditions
ABS61401.1_Fervidobacterium-nodosum-Rt17-B1,ABS61401.1,cellobiose,8,8,0,8,0,0,0,above_background_only
ABS61401.1_Fervidobacterium-nodosum-Rt17-B1,ABS61401.1,lactose,8,8,1,7,0,0,0,mixed_below_and_above_across_conditions
ABS61401.1_Fervidobacterium-nodosum-Rt17-B1,ABS61401.1,xylobiose,8,8,8,0,0,0,0,explicit_below_background_no_above_readout
ABS74298.1_Bacillus-amyloliquefaciens-FZB42,ABS74298.1,cellobiose,8,8,8,0,0,0,0,explicit_below_background_no_above_readout
ABS74298.1_Bacillus-amyloliquefaciens-FZB42,ABS74298.1,lactose,8,8,8,0,0,0,0,explicit_below_background_no_above_readout
ABS74298.1_Bacillus-amyloliquefaciens-FZB42,ABS74298.1,xylobiose,8,8,8,0,0,0,0,explicit_below_background_no_above_readout
ABS75964.1_Bacillus-amyloliquefaciens-FZB42,ABS75964.1,cellobiose,8,8,8,0,0,0,0,explicit_below_background_no_above_readout
ABS75964.1_Bacillus-amyloliquefaciens-FZB42,ABS75964.1,lactose,8,8,8,0,0,0,0,explicit_below_background_no_above_readout
ABS75964.1_Bacillus-amyloliquefaciens-FZB42,ABS75964.1,xylobiose,8,8,8,0,0,0,0,explicit_below_background_no_above_readout
ABU56651.1_Roseiflexus-castenholzii-DSM-13941,ABU56651.1,cellobiose,8,8,4,4,0,0,0,mixed_below_and_above_across_conditions
ABU56651.1_Roseiflexus-castenholzii-DSM-13941,ABU56651.1,lactose,8,8,4,4,0,0,0,mixed_below_and_above_across_conditions
ABU56651.1_Roseiflexus-castenholzii-DSM-13941,ABU56651.1,xylobiose,8,8,8,0,0,0,0,explicit_below_background_no_above_readout
ABU77792.1_Cronobacter-sakazakii-ATCC-BAA-894,ABU77792.1,cellobiose,8,8,8,0,0,0,0,explicit_below_background_no_above_readout
ABU77792.1_Cronobacter-sakazakii-ATCC-BAA-894,ABU77792.1,lactose,8,8,8,0,0,0,0,explicit_below_background_no_above_readout
ABU77792.1_Cronobacter-sakazakii-ATCC-BAA-894,ABU77792.1,xylobiose,8,8,8,0,0,0,0,explicit_below_background_no_above_readout
ABV62413.1_Bacillus-pumilus-SAFR-032,ABV62413.1,cellobiose,8,8,8,0,0,0,0,explicit_below_background_no_above_readout
ABV62413.1_Bacillus-pumilus-SAFR-032,ABV62413.1,lactose,8,8,8,0,0,0,0,explicit_below_background_no_above_readout
ABV62413.1_Bacillus-pumilus-SAFR-032,ABV62413.1,xylobiose,8,8,8,0,0,0,0,explicit_below_background_no_above_readout
ABW01253.1_Caldivirga-maquilingensis-IC-167,ABW01253.1,cellobiose,8,8,1,7,0,0,0,mixed_below_and_above_across_conditions
ABW01253.1_Caldivirga-maquilingensis-IC-167,ABW01253.1,lactose,8,8,1,7,0,0,0,mixed_below_and_above_across_conditions
ABW01253.1_Caldivirga-maquilingensis-IC-167,ABW01253.1,xylobiose,8,8,2,6,0,0,0,mixed_below_and_above_across_conditions
ABW01492.1_Caldivirga-maquilingensis-IC-167,ABW01492.1,cellobiose,8,8,0,8,0,0,0,above_background_only
ABW01492.1_Caldivirga-maquilingensis-IC-167,ABW01492.1,lactose,8,8,5,3,0,0,0,mixed_below_and_above_across_conditions
ABW01492.1_Caldivirga-maquilingensis-IC-167,ABW01492.1,xylobiose,8,8,8,0,0,0,0,explicit_below_background_no_above_readout
ABX31229.1_Petrotoga-mobilis-SJ95,ABX31229.1,cellobiose,8,8,3,5,0,0,0,mixed_below_and_above_across_conditions
ABX31229.1_Petrotoga-mobilis-SJ95,ABX31229.1,lactose,8,8,3,5,0,0,0,mixed_below_and_above_across_conditions
ABX31229.1_Petrotoga-mobilis-SJ95,ABX31229.1,xylobiose,8,8,6,2,0,0,0,mixed_below_and_above_across_conditions
ABY33610.1_Chloroflexus-aurantiacus-J-10-fl,ABY33610.1,cellobiose,8,8,8,0,0,0,0,explicit_below_background_no_above_readout
ABY33610.1_Chloroflexus-aurantiacus-J-10-fl,ABY33610.1,lactose,8,8,8,0,0,0,0,explicit_below_background_no_above_readout
ABY33610.1_Chloroflexus-aurantiacus-J-10-fl,ABY33610.1,xylobiose,8,8,8,0,0,0,0,explicit_below_background_no_above_readout
ACF00459.1_Rhodopseudomonas-palustris-TIE-1,ACF00459.1,cellobiose,8,8,6,2,0,0,0,mixed_below_and_above_across_conditions
ACF00459.1_Rhodopseudomonas-palustris-TIE-1,ACF00459.1,lactose,8,8,8,0,0,0,0,explicit_below_background_no_above_readout
ACF00459.1_Rhodopseudomonas-palustris-TIE-1,ACF00459.1,xylobiose,8,8,8,0,0,0,0,explicit_below_background_no_above_readout
ACJ34717.1_Anoxybacillus-flavithermus-WK1,ACJ34717.1,cellobiose,8,8,4,4,0,0,0,mixed_below_and_above_across_conditions
ACJ34717.1_Anoxybacillus-flavithermus-WK1,ACJ34717.1,lactose,8,8,7,1,0,0,0,mixed_below_and_above_across_conditions
ACJ34717.1_Anoxybacillus-flavithermus-WK1,ACJ34717.1,xylobiose,8,8,8,0,0,0,0,explicit_below_background_no_above_readout
ACJ75238.1_Thermosipho-africanus-TCF52B,ACJ75238.1,cellobiose,8,8,0,8,0,0,0,above_background_only
ACJ75238.1_Thermosipho-africanus-TCF52B,ACJ75238.1,lactose,8,8,0,8,0,0,0,above_background_only
ACJ75238.1_Thermosipho-africanus-TCF52B,ACJ75238.1,xylobiose,8,8,5,3,0,0,0,mixed_below_and_above_across_conditions
ACJ76349.1_Thermosipho-africanus-TCF52B,ACJ76349.1,cellobiose,8,8,3,5,0,0,0,mixed_below_and_above_across_conditions
ACJ76349.1_Thermosipho-africanus-TCF52B,ACJ76349.1,lactose,8,8,3,5,0,0,0,mixed_below_and_above_across_conditions
ACJ76349.1_Thermosipho-africanus-TCF52B,ACJ76349.1,xylobiose,8,8,3,5,0,0,0,mixed_below_and_above_across_conditions
ACL70277.1_Halothermothrix-orenii-H-168,ACL70277.1,cellobiose,8,8,4,4,0,0,0,mixed_below_and_above_across_conditions
ACL70277.1_Halothermothrix-orenii-H-168,ACL70277.1,lactose,8,8,4,4,0,0,0,mixed_below_and_above_across_conditions
ACL70277.1_Halothermothrix-orenii-H-168,ACL70277.1,xylobiose,8,8,7,1,0,0,0,mixed_below_and_above_across_conditions
ACL74759.1_Clostridium-cellulolyticum-H10,ACL74759.1,cellobiose,8,8,5,3,0,0,0,mixed_below_and_above_across_conditions
ACL74759.1_Clostridium-cellulolyticum-H10,ACL74759.1,lactose,8,8,4,4,0,0,0,mixed_below_and_above_across_conditions
ACL74759.1_Clostridium-cellulolyticum-H10,ACL74759.1,xylobiose,8,8,7,1,0,0,0,mixed_below_and_above_across_conditions
ACL95685.1_Caulobacter-crescentus-NA1000,ACL95685.1,cellobiose,8,8,6,2,0,0,0,mixed_below_and_above_across_conditions
ACL95685.1_Caulobacter-crescentus-NA1000,ACL95685.1,lactose,8,8,8,0,0,0,0,explicit_below_background_no_above_readout
ACL95685.1_Caulobacter-crescentus-NA1000,ACL95685.1,xylobiose,8,8,8,0,0,0,0,explicit_below_background_no_above_readout
ACM06095.1_Thermomicrobium-roseum-DSM-5159,ACM06095.1,cellobiose,8,8,2,6,0,0,0,mixed_below_and_above_across_conditions
ACM06095.1_Thermomicrobium-roseum-DSM-5159,ACM06095.1,lactose,8,8,2,6,0,0,0,mixed_below_and_above_across_conditions
ACM06095.1_Thermomicrobium-roseum-DSM-5159,ACM06095.1,xylobiose,8,8,8,0,0,0,0,explicit_below_background_no_above_readout
ACM22958.1_Thermotoga-neapolitana-DSM-4359,ACM22958.1,cellobiose,8,8,0,8,0,0,0,above_background_only
ACM22958.1_Thermotoga-neapolitana-DSM-4359,ACM22958.1,lactose,8,8,0,8,0,0,0,above_background_only
ACM22958.1_Thermotoga-neapolitana-DSM-4359,ACM22958.1,xylobiose,8,8,2,6,0,0,0,mixed_below_and_above_across_conditions
ACO44852.1_Deinococcus-deserti-VCD115,ACO44852.1,cellobiose,8,8,5,3,0,0,0,mixed_below_and_above_across_conditions
ACO44852.1_Deinococcus-deserti-VCD115,ACO44852.1,lactose,8,8,6,2,0,0,0,mixed_below_and_above_across_conditions
ACO44852.1_Deinococcus-deserti-VCD115,ACO44852.1,xylobiose,8,8,8,0,0,0,0,explicit_below_background_no_above_readout
ACQ70805.1_Exiguobacterium-sp.-AT1b,ACQ70805.1,cellobiose,8,8,8,0,0,0,0,explicit_below_background_no_above_readout
ACQ70805.1_Exiguobacterium-sp.-AT1b,ACQ70805.1,lactose,8,8,8,0,0,0,0,explicit_below_background_no_above_readout
ACQ70805.1_Exiguobacterium-sp.-AT1b,ACQ70805.1,xylobiose,8,8,8,0,0,0,0,explicit_below_background_no_above_readout
ACQ71106.1_Exiguobacterium-sp.-AT1b,ACQ71106.1,cellobiose,8,8,8,0,0,0,0,explicit_below_background_no_above_readout
ACQ71106.1_Exiguobacterium-sp.-AT1b,ACQ71106.1,lactose,8,8,8,0,0,0,0,explicit_below_background_no_above_readout
ACQ71106.1_Exiguobacterium-sp.-AT1b,ACQ71106.1,xylobiose,8,8,8,0,0,0,0,explicit_below_background_no_above_readout
ACX80029.1_Geobacillus-sp.-Y412MC61,ACX80029.1,cellobiose,8,8,8,0,0,0,0,explicit_below_background_no_above_readout
ACX80029.1_Geobacillus-sp.-Y412MC61,ACX80029.1,lactose,8,8,8,0,0,0,0,explicit_below_background_no_above_readout
ACX80029.1_Geobacillus-sp.-Y412MC61,ACX80029.1,xylobiose,8,8,8,0,0,0,0,explicit_below_background_no_above_readout
ACY97307.1_Thermomonospora-curvata-DSM-43183,ACY97307.1,cellobiose,8,8,4,4,0,0,0,mixed_below_and_above_across_conditions
ACY97307.1_Thermomonospora-curvata-DSM-43183,ACY97307.1,lactose,8,8,4,4,0,0,0,mixed_below_and_above_across_conditions
ACY97307.1_Thermomonospora-curvata-DSM-43183,ACY97307.1,xylobiose,8,8,8,0,0,0,0,explicit_below_background_no_above_readout
ACZ00292.1_Thermomonospora-curvata-DSM-43183,ACZ00292.1,cellobiose,8,8,8,0,0,0,0,explicit_below_background_no_above_readout
ACZ00292.1_Thermomonospora-curvata-DSM-43183,ACZ00292.1,lactose,8,8,8,0,0,0,0,explicit_below_background_no_above_readout
ACZ00292.1_Thermomonospora-curvata-DSM-43183,ACZ00292.1,xylobiose,8,8,8,0,0,0,0,explicit_below_background_no_above_readout
ACZ10298.1_Sebaldella-termitidis-ATCC-33386,ACZ10298.1,cellobiose,8,8,8,0,0,0,0,explicit_below_background_no_above_readout
ACZ10298.1_Sebaldella-termitidis-ATCC-33386,ACZ10298.1,lactose,8,8,8,0,0,0,0,explicit_below_background_no_above_readout
ACZ10298.1_Sebaldella-termitidis-ATCC-33386,ACZ10298.1,xylobiose,8,8,8,0,0,0,0,explicit_below_background_no_above_readout
ACZ42845.1_Thermobaculum-terrenum-ATCC-BAA-798,ACZ42845.1,cellobiose,8,8,2,6,0,0,0,mixed_below_and_above_across_conditions
ACZ42845.1_Thermobaculum-terrenum-ATCC-BAA-798,ACZ42845.1,lactose,8,8,2,6,0,0,0,mixed_below_and_above_across_conditions
ACZ42845.1_Thermobaculum-terrenum-ATCC-BAA-798,ACZ42845.1,xylobiose,8,8,3,5,0,0,0,mixed_below_and_above_across_conditions
ADB09596.1_Bifidobacterium-dentium-Bd1,ADB09596.1,cellobiose,8,8,6,2,0,0,0,mixed_below_and_above_across_conditions
ADB09596.1_Bifidobacterium-dentium-Bd1,ADB09596.1,lactose,8,8,8,0,0,0,0,explicit_below_background_no_above_readout
ADB09596.1_Bifidobacterium-dentium-Bd1,ADB09596.1,xylobiose,8,8,8,0,0,0,0,explicit_below_background_no_above_readout
ADD01617.1_Thermoanaerobacter-italicus-Ab9,ADD01617.1,cellobiose,8,8,7,1,0,0,0,mixed_below_and_above_across_conditions
ADD01617.1_Thermoanaerobacter-italicus-Ab9,ADD01617.1,lactose,8,8,6,2,0,0,0,mixed_below_and_above_across_conditions
ADD01617.1_Thermoanaerobacter-italicus-Ab9,ADD01617.1,xylobiose,8,8,8,0,0,0,0,explicit_below_background_no_above_readout
ADD27066.1_Meiothermus-ruber-DSM-1279,ADD27066.1,cellobiose,8,8,2,6,0,0,0,mixed_below_and_above_across_conditions
ADD27066.1_Meiothermus-ruber-DSM-1279,ADD27066.1,lactose,8,8,2,6,0,0,0,mixed_below_and_above_across_conditions
ADD27066.1_Meiothermus-ruber-DSM-1279,ADD27066.1,xylobiose,8,8,8,0,0,0,0,explicit_below_background_no_above_readout
ADD27846.1_Meiothermus-ruber-DSM-1279,ADD27846.1,cellobiose,8,8,4,4,0,0,0,mixed_below_and_above_across_conditions
ADD27846.1_Meiothermus-ruber-DSM-1279,ADD27846.1,lactose,8,8,4,4,0,0,0,mixed_below_and_above_across_conditions
ADD27846.1_Meiothermus-ruber-DSM-1279,ADD27846.1,xylobiose,8,8,8,0,0,0,0,explicit_below_background_no_above_readout
ADG73989.1_Cellulomonas-flavigena-DSM-20109,ADG73989.1,cellobiose,8,8,6,2,0,0,0,mixed_below_and_above_across_conditions
ADG73989.1_Cellulomonas-flavigena-DSM-20109,ADG73989.1,lactose,8,8,8,0,0,0,0,explicit_below_background_no_above_readout
ADG73989.1_Cellulomonas-flavigena-DSM-20109,ADG73989.1,xylobiose,8,8,8,0,0,0,0,explicit_below_background_no_above_readout
ADG88606.1_Thermobispora-bispora-DSM-43833,ADG88606.1,cellobiose,8,8,4,4,0,0,0,mixed_below_and_above_across_conditions
ADG88606.1_Thermobispora-bispora-DSM-43833,ADG88606.1,lactose,8,8,6,2,0,0,0,mixed_below_and_above_across_conditions
ADG88606.1_Thermobispora-bispora-DSM-43833,ADG88606.1,xylobiose,8,8,8,0,0,0,0,explicit_below_background_no_above_readout
ADG88608.1_Thermobispora-bispora-DSM-43833,ADG88608.1,cellobiose,8,8,4,4,0,0,0,mixed_below_and_above_across_conditions
ADG88608.1_Thermobispora-bispora-DSM-43833,ADG88608.1,lactose,8,8,4,4,0,0,0,mixed_below_and_above_across_conditions
ADG88608.1_Thermobispora-bispora-DSM-43833,ADG88608.1,xylobiose,8,8,8,0,0,0,0,explicit_below_background_no_above_readout
ADG89307.1_Thermobispora-bispora-DSM-43833,ADG89307.1,cellobiose,8,8,4,4,0,0,0,mixed_below_and_above_across_conditions
ADG89307.1_Thermobispora-bispora-DSM-43833,ADG89307.1,lactose,8,8,4,4,0,0,0,mixed_below_and_above_across_conditions
ADG89307.1_Thermobispora-bispora-DSM-43833,ADG89307.1,xylobiose,8,8,8,0,0,0,0,explicit_below_background_no_above_readout
ADG89462.1_Thermobispora-bispora-DSM-43833,ADG89462.1,cellobiose,8,8,8,0,0,0,0,explicit_below_background_no_above_readout
ADG89462.1_Thermobispora-bispora-DSM-43833,ADG89462.1,lactose,8,8,8,0,0,0,0,explicit_below_background_no_above_readout
ADG89462.1_Thermobispora-bispora-DSM-43833,ADG89462.1,xylobiose,8,8,8,0,0,0,0,explicit_below_background_no_above_readout
BAA19881.1_Bifidobacterium-breve,BAA19881.1,cellobiose,8,8,6,2,0,0,0,mixed_below_and_above_across_conditions
BAA19881.1_Bifidobacterium-breve,BAA19881.1,lactose,8,8,6,2,0,0,0,mixed_below_and_above_across_conditions
BAA19881.1_Bifidobacterium-breve,BAA19881.1,xylobiose,8,8,8,0,0,0,0,explicit_below_background_no_above_readout
BAA36160.1_Bacillus-sp.,BAA36160.1,cellobiose,8,8,6,2,0,0,0,mixed_below_and_above_across_conditions
BAA36160.1_Bacillus-sp.,BAA36160.1,lactose,8,8,6,2,0,0,0,mixed_below_and_above_across_conditions
BAA36160.1_Bacillus-sp.,BAA36160.1,xylobiose,8,8,8,0,0,0,0,explicit_below_background_no_above_readout
BAA74959.1_Trichoderma-reesei,BAA74959.1,cellobiose,8,8,4,4,0,0,0,mixed_below_and_above_across_conditions
BAA74959.1_Trichoderma-reesei,BAA74959.1,lactose,8,8,8,0,0,0,0,explicit_below_background_no_above_readout
BAA74959.1_Trichoderma-reesei,BAA74959.1,xylobiose,8,8,8,0,0,0,0,explicit_below_background_no_above_readout
BAB05642.1_Bacillus-halodurans-C-125,BAB05642.1,cellobiose,8,8,6,2,0,0,0,mixed_below_and_above_across_conditions
BAB05642.1_Bacillus-halodurans-C-125,BAB05642.1,lactose,8,8,6,2,0,0,0,mixed_below_and_above_across_conditions
BAB05642.1_Bacillus-halodurans-C-125,BAB05642.1,xylobiose,8,8,8,0,0,0,0,explicit_below_background_no_above_readout
BAB59827.1_Thermoplasma-volcanium-GSS1,BAB59827.1,cellobiose,8,8,2,6,0,0,0,mixed_below_and_above_across_conditions
BAB59827.1_Thermoplasma-volcanium-GSS1,BAB59827.1,lactose,8,8,2,6,0,0,0,mixed_below_and_above_across_conditions
BAB59827.1_Thermoplasma-volcanium-GSS1,BAB59827.1,xylobiose,8,8,8,0,0,0,0,explicit_below_background_no_above_readout
BAC14719.1_Oceanobacillus-iheyensis-HTE831,BAC14719.1,cellobiose,8,8,8,0,0,0,0,explicit_below_background_no_above_readout
BAC14719.1_Oceanobacillus-iheyensis-HTE831,BAC14719.1,lactose,8,8,8,0,0,0,0,explicit_below_background_no_above_readout
BAC14719.1_Oceanobacillus-iheyensis-HTE831,BAC14719.1,xylobiose,8,8,8,0,0,0,0,explicit_below_background_no_above_readout
BAC96154.1_Vibrio-vulnificus-YJ016,BAC96154.1,cellobiose,8,8,6,2,0,0,0,mixed_below_and_above_across_conditions
BAC96154.1_Vibrio-vulnificus-YJ016,BAC96154.1,lactose,8,8,6,2,0,0,0,mixed_below_and_above_across_conditions
BAC96154.1_Vibrio-vulnificus-YJ016,BAC96154.1,xylobiose,8,8,8,0,0,0,0,explicit_below_background_no_above_readout
BAD76141.1_Geobacillus-kaustophilus-HTA426,BAD76141.1,cellobiose,8,8,8,0,0,0,0,explicit_below_background_no_above_readout
BAD76141.1_Geobacillus-kaustophilus-HTA426,BAD76141.1,lactose,8,8,8,0,0,0,0,explicit_below_background_no_above_readout
BAD76141.1_Geobacillus-kaustophilus-HTA426,BAD76141.1,xylobiose,8,8,8,0,0,0,0,explicit_below_background_no_above_readout
BAD76622.1_Geobacillus-kaustophilus-HTA426,BAD76622.1,cellobiose,8,8,8,0,0,0,0,explicit_below_background_no_above_readout
BAD76622.1_Geobacillus-kaustophilus-HTA426,BAD76622.1,lactose,8,8,8,0,0,0,0,explicit_below_background_no_above_readout
BAD76622.1_Geobacillus-kaustophilus-HTA426,BAD76622.1,xylobiose,8,8,8,0,0,0,0,explicit_below_background_no_above_readout
BAD77499.1_Geobacillus-kaustophilus-HTA426,BAD77499.1,cellobiose,8,8,8,0,0,0,0,explicit_below_background_no_above_readout
BAD77499.1_Geobacillus-kaustophilus-HTA426,BAD77499.1,lactose,8,8,8,0,0,0,0,explicit_below_background_no_above_readout
BAD77499.1_Geobacillus-kaustophilus-HTA426,BAD77499.1,xylobiose,8,8,8,0,0,0,0,explicit_below_background_no_above_readout
BAE04157.1_Staphylococcus-haemolyticus-JCSC1435,BAE04157.1,cellobiose,8,8,8,0,0,0,0,explicit_below_background_no_above_readout
BAE04157.1_Staphylococcus-haemolyticus-JCSC1435,BAE04157.1,lactose,8,8,8,0,0,0,0,explicit_below_background_no_above_readout
BAE04157.1_Staphylococcus-haemolyticus-JCSC1435,BAE04157.1,xylobiose,8,8,8,0,0,0,0,explicit_below_background_no_above_readout
BAE49023.1_Magnetospirillum-magneticum-AMB-1,BAE49023.1,cellobiose,8,8,2,6,0,0,0,mixed_below_and_above_across_conditions
BAE49023.1_Magnetospirillum-magneticum-AMB-1,BAE49023.1,lactose,8,8,2,6,0,0,0,mixed_below_and_above_across_conditions
BAE49023.1_Magnetospirillum-magneticum-AMB-1,BAE49023.1,xylobiose,8,8,8,0,0,0,0,explicit_below_background_no_above_readout
BAE87008.1_Phanerochaete-chrysosporium,BAE87008.1,cellobiose,8,8,6,2,0,0,0,mixed_below_and_above_across_conditions
BAE87008.1_Phanerochaete-chrysosporium,BAE87008.1,lactose,8,8,6,2,0,0,0,mixed_below_and_above_across_conditions
BAE87008.1_Phanerochaete-chrysosporium,BAE87008.1,xylobiose,8,8,8,0,0,0,0,explicit_below_background_no_above_readout
BAG19255.1_Streptomyces-griseus-subsp.-griseus-NBRC-13350,BAG19255.1,cellobiose,8,8,4,4,0,0,0,mixed_below_and_above_across_conditions
BAG19255.1_Streptomyces-griseus-subsp.-griseus-NBRC-13350,BAG19255.1,lactose,8,8,4,4,0,0,0,mixed_below_and_above_across_conditions
BAG19255.1_Streptomyces-griseus-subsp.-griseus-NBRC-13350,BAG19255.1,xylobiose,8,8,8,0,0,0,0,explicit_below_background_no_above_readout
BAH33569.1_Rhodococcus-erythropolis-PR4,BAH33569.1,cellobiose,8,8,7,1,0,0,0,mixed_below_and_above_across_conditions
BAH33569.1_Rhodococcus-erythropolis-PR4,BAH33569.1,lactose,8,8,7,1,0,0,0,mixed_below_and_above_across_conditions
BAH33569.1_Rhodococcus-erythropolis-PR4,BAH33569.1,xylobiose,8,8,8,0,0,0,0,explicit_below_background_no_above_readout
CAA31087.1_Caldicellulosiruptor-saccharolyticus,CAA31087.1,cellobiose,8,8,1,7,0,0,0,mixed_below_and_above_across_conditions
CAA31087.1_Caldicellulosiruptor-saccharolyticus,CAA31087.1,lactose,8,8,1,7,0,0,0,mixed_below_and_above_across_conditions
CAA31087.1_Caldicellulosiruptor-saccharolyticus,CAA31087.1,xylobiose,8,8,8,0,0,0,0,explicit_below_background_no_above_readout
CAA42814.1_Clostridium-thermocellum-ATCC-27405,CAA42814.1,cellobiose,8,8,4,4,0,0,0,mixed_below_and_above_across_conditions
CAA42814.1_Clostridium-thermocellum-ATCC-27405,CAA42814.1,lactose,8,8,4,4,0,0,0,mixed_below_and_above_across_conditions
CAA42814.1_Clostridium-thermocellum-ATCC-27405,CAA42814.1,xylobiose,8,8,8,0,0,0,0,explicit_below_background_no_above_readout
CAA52344.1_Streptomyces-rochei,CAA52344.1,cellobiose,8,8,7,1,0,0,0,mixed_below_and_above_across_conditions
CAA52344.1_Streptomyces-rochei,CAA52344.1,lactose,8,8,7,1,0,0,0,mixed_below_and_above_across_conditions
CAA52344.1_Streptomyces-rochei,CAA52344.1,xylobiose,8,8,8,0,0,0,0,explicit_below_background_no_above_readout
CAA82733.1_Streptomyces-sp.,CAA82733.1,cellobiose,8,8,6,2,0,0,0,mixed_below_and_above_across_conditions
CAA82733.1_Streptomyces-sp.,CAA82733.1,lactose,8,8,6,2,0,0,0,mixed_below_and_above_across_conditions
CAA82733.1_Streptomyces-sp.,CAA82733.1,xylobiose,8,8,8,0,0,0,0,explicit_below_background_no_above_readout
CAA91220.1_Thermoanaerobacter-brockii,CAA91220.1,cellobiose,8,8,2,6,0,0,0,mixed_below_and_above_across_conditions
CAA91220.1_Thermoanaerobacter-brockii,CAA91220.1,lactose,8,8,3,5,0,0,0,mixed_below_and_above_across_conditions
CAA91220.1_Thermoanaerobacter-brockii,CAA91220.1,xylobiose,8,8,8,0,0,0,0,explicit_below_background_no_above_readout
CAJ88232.1_Streptomyces-ambofaciens-ATCC-23877,CAJ88232.1,cellobiose,7,8,8,0,0,0,0,explicit_below_background_no_above_readout
CAJ88232.1_Streptomyces-ambofaciens-ATCC-23877,CAJ88232.1,lactose,7,8,8,0,0,0,0,explicit_below_background_no_above_readout
CAJ88232.1_Streptomyces-ambofaciens-ATCC-23877,CAJ88232.1,xylobiose,7,8,8,0,0,0,0,explicit_below_background_no_above_readout
CAL97639.1_Lactococcus-lactis-subsp.-cremoris-MG1363,CAL97639.1,cellobiose,8,8,8,0,0,0,0,explicit_below_background_no_above_readout
CAL97639.1_Lactococcus-lactis-subsp.-cremoris-MG1363,CAL97639.1,lactose,8,8,8,0,0,0,0,explicit_below_background_no_above_readout
CAL97639.1_Lactococcus-lactis-subsp.-cremoris-MG1363,CAL97639.1,xylobiose,8,8,8,0,0,0,0,explicit_below_background_no_above_readout
CAQ03968.1_Corynebacterium-urealyticum-DSM-7109,CAQ03968.1,cellobiose,8,8,8,0,0,0,0,explicit_below_background_no_above_readout
CAQ03968.1_Corynebacterium-urealyticum-DSM-7109,CAQ03968.1,lactose,8,8,8,0,0,0,0,explicit_below_background_no_above_readout
CAQ03968.1_Corynebacterium-urealyticum-DSM-7109,CAQ03968.1,xylobiose,8,8,8,0,0,0,0,explicit_below_background_no_above_readout
CAQ67883.1_Lactobacillus-casei-BL23,CAQ67883.1,cellobiose,8,8,8,0,0,0,0,explicit_below_background_no_above_readout
CAQ67883.1_Lactobacillus-casei-BL23,CAQ67883.1,lactose,8,8,8,0,0,0,0,explicit_below_background_no_above_readout
CAQ67883.1_Lactobacillus-casei-BL23,CAQ67883.1,xylobiose,8,8,8,0,0,0,0,explicit_below_background_no_above_readout
CAR89462.1_Lactobacillus-rhamnosus-Lc-705,CAR89462.1,cellobiose,8,8,8,0,0,0,0,explicit_below_background_no_above_readout
CAR89462.1_Lactobacillus-rhamnosus-Lc-705,CAR89462.1,lactose,8,8,8,0,0,0,0,explicit_below_background_no_above_readout
CAR89462.1_Lactobacillus-rhamnosus-Lc-705,CAR89462.1,xylobiose,8,8,8,0,0,0,0,explicit_below_background_no_above_readout
CAW94361.1_Streptococcus-equi-subsp.-equi-4047,CAW94361.1,cellobiose,8,8,8,0,0,0,0,explicit_below_background_no_above_readout
CAW94361.1_Streptococcus-equi-subsp.-equi-4047,CAW94361.1,lactose,8,8,8,0,0,0,0,explicit_below_background_no_above_readout
CAW94361.1_Streptococcus-equi-subsp.-equi-4047,CAW94361.1,xylobiose,8,8,8,0,0,0,0,explicit_below_background_no_above_readout
CBL17177.1_Ruminococcus-champanellensis-18P13,CBL17177.1,cellobiose,8,8,6,2,0,0,0,mixed_below_and_above_across_conditions
CBL17177.1_Ruminococcus-champanellensis-18P13,CBL17177.1,lactose,8,8,6,2,0,0,0,mixed_below_and_above_across_conditions
CBL17177.1_Ruminococcus-champanellensis-18P13,CBL17177.1,xylobiose,8,8,8,0,0,0,0,explicit_below_background_no_above_readout
CBL32986.1_Enterococcus-sp.-7L76,CBL32986.1,cellobiose,8,8,8,0,0,0,0,explicit_below_background_no_above_readout
CBL32986.1_Enterococcus-sp.-7L76,CBL32986.1,lactose,8,8,8,0,0,0,0,explicit_below_background_no_above_readout
CBL32986.1_Enterococcus-sp.-7L76,CBL32986.1,xylobiose,8,8,8,0,0,0,0,explicit_below_background_no_above_readout
CR_14_Cow_Rumen,,cellobiose,8,8,6,2,0,0,0,mixed_below_and_above_across_conditions
CR_14_Cow_Rumen,,lactose,8,8,6,2,0,0,0,mixed_below_and_above_across_conditions
CR_14_Cow_Rumen,,xylobiose,8,8,8,0,0,0,0,explicit_below_background_no_above_readout
CR_19_Cow_Rumen,,cellobiose,8,8,6,2,0,0,0,mixed_below_and_above_across_conditions
CR_19_Cow_Rumen,,lactose,8,8,6,2,0,0,0,mixed_below_and_above_across_conditions
CR_19_Cow_Rumen,,xylobiose,8,8,8,0,0,0,0,explicit_below_background_no_above_readout
CR_23_Cow_Rumen,,cellobiose,8,8,8,0,0,0,0,explicit_below_background_no_above_readout
CR_23_Cow_Rumen,,lactose,8,8,8,0,0,0,0,explicit_below_background_no_above_readout
CR_23_Cow_Rumen,,xylobiose,8,8,8,0,0,0,0,explicit_below_background_no_above_readout
CR_24_Cow_Rumen,,cellobiose,8,8,4,4,0,0,0,mixed_below_and_above_across_conditions
CR_24_Cow_Rumen,,lactose,8,8,6,2,0,0,0,mixed_below_and_above_across_conditions
CR_24_Cow_Rumen,,xylobiose,8,8,8,0,0,0,0,explicit_below_background_no_above_readout
CR_29_Cow_Rumen,,cellobiose,8,8,5,3,0,0,0,mixed_below_and_above_across_conditions
CR_29_Cow_Rumen,,lactose,8,8,8,0,0,0,0,explicit_below_background_no_above_readout
CR_29_Cow_Rumen,,xylobiose,8,8,8,0,0,0,0,explicit_below_background_no_above_readout
CR_35_Cow_Rumen,,cellobiose,8,8,8,0,0,0,0,explicit_below_background_no_above_readout
CR_35_Cow_Rumen,,lactose,8,8,8,0,0,0,0,explicit_below_background_no_above_readout
CR_35_Cow_Rumen,,xylobiose,8,8,8,0,0,0,0,explicit_below_background_no_above_readout
CR_37_Cow_Rumen,,cellobiose,8,8,8,0,0,0,0,explicit_below_background_no_above_readout
CR_37_Cow_Rumen,,lactose,8,8,8,0,0,0,0,explicit_below_background_no_above_readout
CR_37_Cow_Rumen,,xylobiose,8,8,8,0,0,0,0,explicit_below_background_no_above_readout
CR_5_Cow_Rumen,,cellobiose,8,8,8,0,0,0,0,explicit_below_background_no_above_readout
CR_5_Cow_Rumen,,lactose,8,8,8,0,0,0,0,explicit_below_background_no_above_readout
CR_5_Cow_Rumen,,xylobiose,8,8,8,0,0,0,0,explicit_below_background_no_above_readout
CR_8_Cow_Rumen,,cellobiose,8,8,8,0,0,0,0,explicit_below_background_no_above_readout
CR_8_Cow_Rumen,,lactose,8,8,8,0,0,0,0,explicit_below_background_no_above_readout
CR_8_Cow_Rumen,,xylobiose,8,8,8,0,0,0,0,explicit_below_background_no_above_readout
CR_9_Cow_Rumen,,cellobiose,8,8,8,0,0,0,0,explicit_below_background_no_above_readout
CR_9_Cow_Rumen,,lactose,8,8,8,0,0,0,0,explicit_below_background_no_above_readout
CR_9_Cow_Rumen,,xylobiose,8,8,8,0,0,0,0,explicit_below_background_no_above_readout
