protein_accession_species,kingdom,soluble_expression_mg_ml,expression_binary,nims_max_temp,cellobiose_nims_activity_binary,pnp_a400,table2_condition_rows,table2_explicit_lt_0_1_cells,table2_present
AAA22264.1_Paenibacillus-polymyxa,Bacteria,0.094474616,1,40,1,0.11423333333333334,8,22,True
AAA22266.1_Bacillus-circulans-subsp.-alkalophilus,Bacteria,0.171,1,-,0,0.07,8,24,True
AAA65946.1_Zea-mays,Eukaryota,0.008642608000000001,0,-,0,0.04133333333333333,0,0,False
AAA72843.1_Sulfolobus-solfataricus,Archaea,0.20130367999999998,1,80,1,0.5833666666666667,8,4,True
AAF36392.1_Thermus-nonproteolyticus,Bacteria,0.3325176186666667,1,90,1,0.645,8,8,True
AAF37730.1_Thermobifida-fusca,Bacteria,0.38292977333333333,1,60,1,1.6884666666666666,8,16,True
AAK78365.1_Clostridium-acetobutylicum-ATCC-824,Bacteria,0.9623849973333334,1,-,0,0.04066666666666666,8,24,True
AAL25999.1_Brevicoryne-brassicae,Eukaryota,0.0141784,0,-,0,0.042133333333333335,0,0,False
AAL34084.2_Rasamsonia-emersonii,Eukaryota,0.002,0,-,0,0.03985,8,24,True
AAL81332.1_Pyrococcus-furiosus-DSM-3638,Archaea,0.324130656,1,90,1,0.47890000000000005,8,8,True
AAN01354.1_Oryza-sativa-Japonica-Group,Eukaryota,0.00694633066666667,0,-,0,0.04069999999999999,0,0,False
AAP57758.1_Trichoderma-reesei,Eukaryota,0.15893779200000002,1,-,0,0.040633333333333334,8,24,True
AAQ00997.1_Clostridium-cellulovorans,Bacteria,0.029,1,80,1,0.4226,8,9,True
AAT44038.1_Picrophilus-torridus-DSM-9790,Archaea,0.004,0,-,0,0.0398,8,24,True
AAT59229.1_Bacillus-thuringiensis-serovar-konkukian-str.-97-27,Bacteria,0.49834905333333335,1,-,0,0.04070000000000001,8,24,True
AAU43012.1_Bacillus-licheniformis-DSM-13-=-ATCC-14580,Bacteria,0.49012380533333333,1,60,1,0.3335666666666666,8,24,True
AAU92142.1_Methylococcus-capsulatus-str.-Bath,Bacteria,0.15334802933333333,1,-,0,0.23546666666666669,8,24,True
AAV42120.1_Lactobacillus-acidophilus-NCFM,Bacteria,0.0021096906666666668,0,-,0,0.04066666666666666,0,0,False
AAX07701.1_Magnaporthe-grisea,Eukaryota,0.004,0,-,0,0.03995,8,24,True
AAY81155.1_Sulfolobus-acidocaldarius-DSM-639,Archaea,0.41724939466666666,1,80,1,0.35246666666666665,8,12,True
AAZ81839.1_Alicyclobacillus-acidocaldarius,Bacteria,0.13115187733333333,1,80,1,0.734,8,9,True
ABC33525.1_Hahella-chejuensis-KCTC-2396,Bacteria,0.127,1,40,1,1.35795,8,18,True
ABC92395.1_Rhizobium-etli-CFN-42,Bacteria,0.039918954666666666,1,-,0,0.6825333333333333,8,24,True
ABD54861.1_Jannaschia-sp.-CCS1,Bacteria,0.03602221333333333,1,-,0,0.04633333333333334,0,0,False
ABD68852.1_Rhodoferax-ferrireducens-T118,Bacteria,0.0058318906666666665,0,-,0,0.04026666666666667,0,0,False
ABD80656.1_Saccharophagus-degradans-2-40,Bacteria,0.2815071493333334,1,40,1,1.795,8,20,True
ABD82858.1_Saccharophagus-degradans-2-40,Bacteria,0.4793588773333333,1,60,1,0.5729000000000001,8,18,True
ABE33903.1_Burkholderia-xenovorans-LB400,Bacteria,0.031984576,1,-,0,0.04096666666666667,0,0,False
ABF43014.1_Candidatus-Koribacter-versatilis-Ellin345,Bacteria,0.007302221333333333,0,-,0,0.041100000000000005,0,0,False
ABF52736.1_Sphingopyxis-alaskensis-RB2256,Bacteria,0.031166925333333335,1,-,0,0.05136666666666667,0,0,False
ABF87202.1_Myxococcus-xanthus-DK-1622,Bacteria,0.15760825866666667,1,40,1,0.6341666666666667,8,19,True
ABF90507.1_Myxococcus-xanthus-DK-1622,Bacteria,0.004483413333333333,0,-,0,0.04006666666666667,0,0,False
ABI88543.1_Burkholderia-ambifaria-AMMD,Bacteria,0.009079010666666667,0,-,0,0.0399,0,0,False
ABJ68623.1_Pediococcus-pentosaceus-ATCC-25745,Bacteria,0.02247715466666667,0,-,0,0.04,0,0,False
ABJ73134.1_Lactococcus-lactis-subsp.-cremoris-SK11,Bacteria,0.020782258666666668,0,-,0,0.040299999999999996,0,0,False
ABJ83756.1_Candidatus-Solibacter-usitatus-Ellin6076,Bacteria,0.007508336,0,-,0,0.0406,0,0,False
ABK51908.1_Acidothermus-cellulolyticus-11B,Bacteria,0.09507677866666667,1,60,1,0.4599666666666667,8,16,True
ABK71329.1_Mycobacterium-smegmatis-str.-MC2-155,Bacteria,0.062,1,40,1,0.2544,8,22,True
ABL78509.1_Thermofilum-pendens-Hrk-5,Archaea,0.004,0,-,0,0.039650000000000005,8,22,True
ABL79070.1_Thermofilum-pendens-Hrk-5,Archaea,0.007320968,0,-,0,0.04013333333333333,0,0,False
ABN52659.1_Clostridium-thermocellum-ATCC-27405,Bacteria,0.03928936266666666,1,-,0,0.040266666666666666,0,0,False
ABN70482.1_Staphylothermus-marinus-F1,Archaea,0.009,0,-,0,0.0402,8,24,True
ABP70047.1_Rhodobacter-sphaeroides-ATCC-17025,Bacteria,0.05527869066666667,1,60,1,0.4465666666666666,8,15,True
ABQ07856.1_Flavobacterium-johnsoniae-UW101,Bacteria,0.007497088,0,-,0,0.054933333333333334,0,0,False
ABQ91331.1_Roseiflexus-sp.-RS-1,Bacteria,0.009821477333333332,0,-,0,0.04043333333333333,0,0,False
ABS04001.1_Kineococcus-radiotolerans-SRS30216,Bacteria,0.003678688,0,-,0,0.041600000000000005,0,0,False
ABS61401.1_Fervidobacterium-nodosum-Rt17-B1,Bacteria,0.3353387946666666,1,90,1,0.6766666666666666,8,9,True
ABS74298.1_Bacillus-amyloliquefaciens-FZB42,Bacteria,0.08048851733333331,1,-,0,0.06879999999999999,8,24,True
ABS75964.1_Bacillus-amyloliquefaciens-FZB42,Bacteria,0.6039017653333333,1,-,0,0.0809,8,24,True
ABU56651.1_Roseiflexus-castenholzii-DSM-13941,Bacteria,0.03,1,80,1,0.4109,8,16,True
ABU77792.1_Cronobacter-sakazakii-ATCC-BAA-894,Bacteria,0.444,1,-,0,0.0407,8,24,True
ABV41425.1_Serratia-proteamaculans-568,Bacteria,0.015704773333333335,0,-,0,0.040433333333333335,0,0,False
ABV54716.1_Trifolium-repens,Eukaryota,0.015021704,0,-,0,0.039766666666666665,0,0,False
ABV62413.1_Bacillus-pumilus-SAFR-032,Bacteria,0.97823708,1,-,0,0.040766666666666666,8,24,True
ABW01253.1_Caldivirga-maquilingensis-IC-167,Archaea,0.2752815786666667,1,90,1,0.38703333333333334,8,4,True
ABW01492.1_Caldivirga-maquilingensis-IC-167,Archaea,0.18712685866666665,1,90,1,0.0409,8,13,True
ABW02360.1_Caldivirga-maquilingensis-IC-167,Archaea,0.003140856,0,-,0,0.0401,0,0,False
ABW14028.1_Frankia-sp.-EAN1pec,Bacteria,0.007181552,0,-,0,0.04056666666666667,0,0,False
ABX31229.1_Petrotoga-mobilis-SJ95,Bacteria,0.07155494133333333,1,80,1,0.5230333333333334,8,12,True
ABY33610.1_Chloroflexus-aurantiacus-J-10-fl,Bacteria,0.287223008,1,-,0,0.044300000000000006,8,24,True
ABY34767.1_Chloroflexus-aurantiacus-J-10-fl,Bacteria,0.008334768000000001,0,-,0,0.04013333333333333,0,0,False
ABY49715.1_uncultured-bacterium,Bacteria,0.004649568000000001,0,-,0,0.04856666666666667,0,0,False
ACF00459.1_Rhodopseudomonas-palustris-TIE-1,Bacteria,0.16487653866666668,1,40,1,0.30660000000000004,8,22,True
ACI18700.1_Dictyoglomus-thermophilum-H-6-12,Bacteria,0.03542340533333334,1,-,0,0.06383333333333333,0,0,False
ACI21065.1_Thermodesulfovibrio-yellowstonii-DSM-11347,Bacteria,0.004,0, ,1,0.04085,8,24,True
ACJ34717.1_Anoxybacillus-flavithermus-WK1,Bacteria,0.19931475733333334,1,60,1,1.9120666666666668,8,19,True
ACJ75238.1_Thermosipho-africanus-TCF52B,Bacteria,0.4415469493333333,1,90,1,1.1452,8,5,True
ACJ76349.1_Thermosipho-africanus-TCF52B,Bacteria,0.08912905333333333,1,80,1,0.5458666666666667,8,9,True
ACK43071.1_Dictyoglomus-turgidum-DSM-6724,Bacteria,0.005375754666666666,0,60,1,0.10066666666666667,8,16,True
ACL10579.1_Desulfurococcus-kamchatkensis-1221n,Archaea,0.004,0,-,0,0.040150000000000005,8,24,True
ACL69240.1_Halothermothrix-orenii-H-168,Bacteria,0.0006830693333333334,0,-,0,0.03966666666666666,0,0,False
ACL70277.1_Halothermothrix-orenii-H-168,Bacteria,0.35209476266666667,1,60,1,0.6709666666666667,8,15,True
ACL74759.1_Clostridium-cellulolyticum-H10,Bacteria,0.418059152,1,60,1,1.2573666666666667,8,16,True
ACL95685.1_Caulobacter-crescentus-NA1000,Bacteria,0.06223834133333333,1,40,1,0.1918333333333333,8,22,True
ACM06095.1_Thermomicrobium-roseum-DSM-5159,Bacteria,0.06763264533333332,1,80,1,0.4805333333333333,8,12,True
ACM22958.1_Thermotoga-neapolitana-DSM-4359,Bacteria,0.09198249333333333,1,90,1,0.4913,8,2,True
ACM38274.1_Agrobacterium-vitis-S4,Bacteria,0.02537469866666667,0,-,0,0.04013333333333333,0,0,False
ACO22341.1_Streptococcus-pneumoniae-Taiwan19F-14,Bacteria,0.004,0,-,0,0.0398,8,24,True
ACO44852.1_Deinococcus-deserti-VCD115,Bacteria,0.3874932053333333,1,60,1,1.9229333333333332,8,19,True
ACO82080.1_Talaromyces-funiculosus,Eukaryota,0.012876000000000002,0,-,0,0.04036666666666667,0,0,False
ACQ69978.1_Exiguobacterium-sp.-AT1b,Bacteria,0.017740463999999997,0,-,0,0.03996666666666667,0,0,False
ACQ70805.1_Exiguobacterium-sp.-AT1b,Bacteria,0.15179274666666667,1,-,0,0.04096666666666667,8,24,True
ACQ70812.1_Exiguobacterium-sp.-AT1b,Bacteria,0.0006752746666666667,0,-,0,0.040266666666666666,0,0,False
ACQ71106.1_Exiguobacterium-sp.-AT1b,Bacteria,0.074,1,-,0,1.4571,8,24,True
ACR18502.1_Corynebacterium-kroppenstedtii-DSM-44385,Bacteria,0.006,0,-,0,0.0397,0,0,False
ACR79134.1_Kosmotoga-olearia-TBF-19.5.1,Bacteria,0.018200645333333335,0,-,0,0.04070000000000001,0,0,False
ACR79740.1_Kosmotoga-olearia-TBF-19.5.1,Bacteria,0.0003,0,-,0,0.04915,0,0,False
ACS89645.1_Thermococcus-sibiricus-MM-739,Archaea,0.008961696,0,-,0,0.0403,0,0,False
ACU71435.1_Catenulispora-acidiphila-DSM-44928,Bacteria,0.002,0,-,0,0.04425,0,0,False
ACV50514.1_Atopobium-parvulum-DSM-20469,Bacteria,0.23903558933333338,1,-,0,0.041,0,0,False
ACX80029.1_Geobacillus-sp.-Y412MC61,Bacteria,0.6089029813333333,1,-,0,0.04073333333333334,8,24,True
ACY18557.1_Haliangium-ochraceum-DSM-14365,Bacteria,0.003549434666666667,0,-,0,0.040766666666666666,0,0,False
ACY97307.1_Thermomonospora-curvata-DSM-43183,Bacteria,0.043,1,60,1,0.05285,8,16,True
ACZ00292.1_Thermomonospora-curvata-DSM-43183,Bacteria,0.4668993493333334,1,-,0,0.04873333333333333,8,24,True
ACZ10184.1_Sebaldella-termitidis-ATCC-33386,Bacteria,0.047320730666666665,1,-,0,0.039933333333333335,0,0,False
ACZ10298.1_Sebaldella-termitidis-ATCC-33386,Bacteria,0.6521144426666667,1,-,0,0.05046666666666666,8,24,True
ACZ37931.1_Sphaerobacter-thermophilus-DSM-20745,Bacteria,0.014,0,-,0,0.04035,8,22,True
ACZ42845.1_Thermobaculum-terrenum-ATCC-BAA-798,Bacteria,0.2906652906666667,1,80,1,1.0447,8,7,True
ACZ86244.1_Streptosporangium-roseum-DSM-43021,Bacteria,0.044522248,1,-,0,0.0426,0,0,False
ACZ89864.1_Streptosporangium-roseum-DSM-43021,Bacteria,0.00332112,0,-,0,0.04016666666666666,0,0,False
ACZ90607.1_Streptosporangium-roseum-DSM-43021,Bacteria,0.03347927733333333,1,-,0,0.05196666666666666,0,0,False
ADB09596.1_Bifidobacterium-dentium-Bd1,Bacteria,0.2589731626666667,1,60,1,0.0575,8,22,True
ADB37940.1_Spirosoma-linguale-DSM-74,Bacteria,0.0016390506666666665,0,-,0,0.040299999999999996,0,0,False
ADB52696.1_Conexibacter-woesei-DSM-14684,Bacteria,0.005097712,0,-,0,0.04793333333333333,0,0,False
ADD01617.1_Thermoanaerobacter-italicus-Ab9,Bacteria,1.03,1,-,0,0.0426,8,21,True
ADD08340.1_Aciduliprofundum-boonei-T469,Archaea,0.002747965333333334,0,-,0,0.04033333333333333,0,0,False
ADD27066.1_Meiothermus-ruber-DSM-1279,Bacteria,0.170385296,1,80,1,0.9841333333333333,8,12,True
ADD27846.1_Meiothermus-ruber-DSM-1279,Bacteria,0.14874374933333334,1,60,1,0.49189999999999995,8,16,True
ADG73989.1_Cellulomonas-flavigena-DSM-20109,Bacteria,0.5357745039999999,1,40,1,1.0295333333333334,8,22,True
ADG88606.1_Thermobispora-bispora-DSM-43833,Bacteria,0.2073984186666667,1,60,1,0.41419999999999996,8,18,True
ADG88608.1_Thermobispora-bispora-DSM-43833,Bacteria,0.351,1,60,1,1.85585,8,16,True
ADG89307.1_Thermobispora-bispora-DSM-43833,Bacteria,0.5174525973333333,1,60,1,0.14716666666666667,8,16,True
ADG89462.1_Thermobispora-bispora-DSM-43833,Bacteria,0.25425058133333334,1,-,0,0.0785,8,24,True
BAA19881.1_Bifidobacterium-breve,Bacteria,0.605654776,1,40,1,1.7113333333333334,8,20,True
BAA36160.1_Bacillus-sp.,Bacteria,0.44190313600000003,1,40,1,1.9331666666666667,8,20,True
BAA74959.1_Trichoderma-reesei,Eukaryota,0.07552499200000001,1,60,1,0.31656666666666666,8,20,True
BAA78713.1_Thermococcus-kodakarensis-KOD1,Archaea,0.006,0,-,0,0.040249999999999994,0,0,False
BAB05642.1_Bacillus-halodurans-C-125,Bacteria,0.21732892266666667,1,40,1,1.7822000000000002,8,20,True
BAB59827.1_Thermoplasma-volcanium-GSS1,Archaea,0.39938303199999997,1,80,1,1.1117666666666666,8,12,True
BAB65785.1_Sulfolobus-tokodaii-str.-7,Archaea,0.017480970666666668,0,-,0,0.04056666666666667,0,0,False
BAC14719.1_Oceanobacillus-iheyensis-HTE831,Bacteria,0.11919505600000001,1,-,0,0.040233333333333336,8,24,True
BAC96154.1_Vibrio-vulnificus-YJ016,Bacteria,0.7501281333333333,1,40,1,1.8666333333333334,8,20,True
BAD63025.1_Bacillus-clausii-KSM-K16,Bacteria,0.001,0,-,0,0.03975,8,24,True
BAD76141.1_Geobacillus-kaustophilus-HTA426,Bacteria,0.6337115306666667,1,-,0,0.04053333333333333,8,24,True
BAD76622.1_Geobacillus-kaustophilus-HTA426,Bacteria,0.6069792773333333,1,-,0,0.040766666666666666,8,24,True
BAD77499.1_Geobacillus-kaustophilus-HTA426,Bacteria,0.5653601973333333,1,-,0,0.04086666666666666,8,24,True
BAE04157.1_Staphylococcus-haemolyticus-JCSC1435,Bacteria,0.0872386,1,-,0,0.04053333333333333,8,24,True
BAE49023.1_Magnetospirillum-magneticum-AMB-1,Bacteria,0.19044709066666668,1,80,1,0.41650000000000004,8,12,True
BAE63197.1_Aspergillus-oryzae-RIB40,Eukaryota,0.011004589333333334,0,-,0,0.04046666666666667,0,0,False
BAE87008.1_Phanerochaete-chrysosporium,Eukaryota,0.31865761600000003,1,40,1,0.7841333333333335,8,20,True
BAG17581.1_Streptomyces-griseus-subsp.-griseus-NBRC-13350,Bacteria,0.003913514666666666,0,-,0,0.04093333333333333,0,0,False
BAG18260.1_Streptomyces-griseus-subsp.-griseus-NBRC-13350,Bacteria,0.009150346666666668,0,-,0,0.0414,0,0,False
BAG19255.1_Streptomyces-griseus-subsp.-griseus-NBRC-13350,Bacteria,0.10247648266666667,1,60,1,0.34593333333333337,8,16,True
BAH33569.1_Rhodococcus-erythropolis-PR4,Bacteria,0.09547736533333334,1,-,0,0.056466666666666665,8,22,True
BAI75305.1_Azospirillum-sp.-B510,Bacteria,0.0006303813333333333,0,-,0,0.040633333333333334,0,0,False
BAJ01494.1_Shewanella-violacea-DSS12,Bacteria,0.000736744,0,-,0,0.0405,0,0,False
CAA31087.1_Caldicellulosiruptor-saccharolyticus,Bacteria,0.27,1,80,1,1.5476999999999999,8,10,True
CAA42814.1_Clostridium-thermocellum-ATCC-27405,Bacteria,0.39490425599999995,1,60,1,0.7680666666666666,8,16,True
CAA52344.1_Streptomyces-rochei,Bacteria,0.3735347333333333,1,40,1,0.158833333333333,8,22,True
CAA56282.1_Pantoea-agglomerans,Bacteria,0.003,0,-,0,0.041550000000000004,7,21,True
CAA82733.1_Streptomyces-sp.,Bacteria,0.10259320533333333,1,40,1,0.6090000000000001,8,20,True
CAA91220.1_Thermoanaerobacter-brockii,Bacteria,0.311,1,80,1,1.74655,8,13,True
CAA94187.1_Thermococcus-sp.,Archaea,0.004807928,0,-,0,0.04156666666666667,0,0,False
CAB49848.1_Pyrococcus-abyssi-GE5,Archaea,0.009592965333333333,0,-,0,0.0408,0,0,False
CAB95278.1_Streptomyces-coelicolor-A32,Bacteria,0.022336258666666668,0,-,0,0.04053333333333333,0,0,False
CAC08178.1_Homo-sapiens,Eukaryota,0.012038714666666665,0,-,0,0.041666666666666664,0,0,False
CAC12444.1_Thermoplasma-acidophilum,Archaea,0.005478170666666667,0,-,0,0.04033333333333333,0,0,False
CAC83098.1_Rauvolfia-serpentina,Eukaryota,0.023297864,0,-,0,0.04253333333333333,0,0,False
CAG77303.1_Pectobacterium-atrosepticum-SCRI1043,Bacteria,0.008354008,0,-,0,0.04013333333333333,0,0,False
CAJ88232.1_Streptomyces-ambofaciens-ATCC-23877,Bacteria,0.10772772000000001,1,-,0,0.04053333333333334,8,24,True
CAK19693.1_Listeria-welshimeri-serovar-6b-str.-SLCC5334,Bacteria,0.0014226746666666666,0,-,0,0.046099999999999995,0,0,False
CAK47813.1_Aspergillus-niger,Eukaryota,0.0074882080000000005,0,-,0,0.04033333333333333,0,0,False
CAL97639.1_Lactococcus-lactis-subsp.-cremoris-MG1363,Bacteria,0.6187889866666667,1,-,0,0.0405,8,24,True
CAN00121.1_Clavibacter-michiganensis,Bacteria,0.0028190053333333335,0,-,0,0.040233333333333336,0,0,False
CAN94360.1_Sorangium-cellulosum-So-ce56,Bacteria,0.021895810666666665,0,-,0,0.0406,0,0,False
CAP91982.1_Penicillium-chrysogenum-Wisconsin-54-1255,Eukaryota,0.004958888,0,-,0,0.04006666666666666,0,0,False
CAQ02518.1_Clavibacter-michiganensis-subsp.-sepedonicus,Bacteria,0.005506685333333333,0,-,0,0.0404,0,0,False
CAQ03968.1_Corynebacterium-urealyticum-DSM-7109,Bacteria,0.15475185866666663,1,-,0,0.04193333333333334,8,24,True
CAQ67883.1_Lactobacillus-casei-BL23,Bacteria,0.21811973599999998,1,-,0,0.040966666666666665,8,24,True
CAR89462.1_Lactobacillus-rhamnosus-Lc-705,Bacteria,0.6401623573333333,1,-,0,0.04120000000000001,8,24,True
CAW94361.1_Streptococcus-equi-subsp.-equi-4047,Bacteria,0.29658016000000004,1,-,0,0.04103333333333333,8,24,True
CBD28469.1_Oryza-sativa-Japonica-Group,Eukaryota,0.018309869333333333,0,-,0,0.04056666666666667,0,0,False
CBG74700.1_Streptomyces-scabiei-87.22,Bacteria,0.006897984,0,-,0,0.0404,0,0,False
CBL17177.1_Ruminococcus-champanellensis-18P13,Bacteria,0.119,1,40,1,0.58665,8,20,True
CBL32986.1_Enterococcus-sp.-7L76,Bacteria,0.7380594239999999,1,-,0,0.0405,8,24,True
CR_14_Cow_Rumen,Metagenome,0.5445296906666667,1,40,1,1.0807666666666667,8,20,True
CR_19_Cow_Rumen,Metagenome,0.7320564453333334,1,40,1,1.49,8,20,True
CR_23_Cow_Rumen,Metagenome,0.8231925760000001,1,-,0,0.04523333333333333,8,24,True
CR_24_Cow_Rumen,Metagenome,0.3829722,1,60,1,1.2742000000000002,8,18,True
CR_29_Cow_Rumen,Metagenome,0.3127169946666667,1,60,1,1.1697666666666666,8,21,True
CR_35_Cow_Rumen,Metagenome,0.40564728,1,-,0,0.06076666666666667,8,24,True
CR_37_Cow_Rumen,Metagenome,0.07911616266666667,1,-,0,0.06606666666666666,8,24,True
CR_5_Cow_Rumen,Metagenome,0.4775425226666667,1,-,0,0.07379999999999999,8,24,True
CR_8_Cow_Rumen,Metagenome,0.5188632346666667,1,-,0,0.08460000000000001,8,24,True
CR_9_Cow_Rumen,Metagenome,0.6340471946666668,1,-,0,0.041633333333333335,8,24,True
