protein_accession_species,ncbi_accession,substrate,expression_binary,soluble_expression_mg_ml,cellobiose_nims_activity_binary,condition_rows,distinct_pH_temperature_conditions,explicit_below_background_cells,numeric_above_background_cells,exact_threshold_boundary_cells,numeric_below_background_cells,missing_or_non_numeric_cells,pair_context_state,source_rows,negative_source_cells,source_supplement_doi
AAL34084.2_Rasamsonia-emersonii,AAL34084.2,cellobiose,0,0.002,0,8,8,8,0,0,0,0,below_background_observed_no_above_in_table,71;72;73;74;75;76;77;78,E71;E72;E73;E74;E75;E76;E77;E78,10.1021/cb500244v.s003
AAL34084.2_Rasamsonia-emersonii,AAL34084.2,lactose,0,0.002,0,8,8,8,0,0,0,0,below_background_observed_no_above_in_table,71;72;73;74;75;76;77;78,F71;F72;F73;F74;F75;F76;F77;F78,10.1021/cb500244v.s003
AAL34084.2_Rasamsonia-emersonii,AAL34084.2,xylobiose,0,0.002,0,8,8,8,0,0,0,0,below_background_observed_no_above_in_table,71;72;73;74;75;76;77;78,D71;D72;D73;D74;D75;D76;D77;D78,10.1021/cb500244v.s003
AAT44038.1_Picrophilus-torridus-DSM-9790,AAT44038.1,cellobiose,0,0.004,0,8,8,8,0,0,0,0,below_background_observed_no_above_in_table,103;104;105;106;107;108;109;110,E103;E104;E105;E106;E107;E108;E109;E110,10.1021/cb500244v.s003
AAT44038.1_Picrophilus-torridus-DSM-9790,AAT44038.1,lactose,0,0.004,0,8,8,8,0,0,0,0,below_background_observed_no_above_in_table,103;104;105;106;107;108;109;110,F103;F104;F105;F106;F107;F108;F109;F110,10.1021/cb500244v.s003
AAT44038.1_Picrophilus-torridus-DSM-9790,AAT44038.1,xylobiose,0,0.004,0,8,8,8,0,0,0,0,below_background_observed_no_above_in_table,103;104;105;106;107;108;109;110,D103;D104;D105;D106;D107;D108;D109;D110,10.1021/cb500244v.s003
AAX07701.1_Magnaporthe-grisea,AAX07701.1,cellobiose,0,0.004,0,8,8,8,0,0,0,0,below_background_observed_no_above_in_table,135;136;137;138;139;140;141;142,E135;E136;E137;E138;E139;E140;E141;E142,10.1021/cb500244v.s003
AAX07701.1_Magnaporthe-grisea,AAX07701.1,lactose,0,0.004,0,8,8,8,0,0,0,0,below_background_observed_no_above_in_table,135;136;137;138;139;140;141;142,F135;F136;F137;F138;F139;F140;F141;F142,10.1021/cb500244v.s003
AAX07701.1_Magnaporthe-grisea,AAX07701.1,xylobiose,0,0.004,0,8,8,8,0,0,0,0,below_background_observed_no_above_in_table,135;136;137;138;139;140;141;142,D135;D136;D137;D138;D139;D140;D141;D142,10.1021/cb500244v.s003
ABL78509.1_Thermofilum-pendens-Hrk-5,ABL78509.1,cellobiose,0,0.004,0,8,8,8,0,0,0,0,below_background_observed_no_above_in_table,215;216;217;218;219;220;221;222,E215;E216;E217;E218;E219;E220;E221;E222,10.1021/cb500244v.s003
ABL78509.1_Thermofilum-pendens-Hrk-5,ABL78509.1,lactose,0,0.004,0,8,8,6,2,0,0,0,mixed_below_and_above_across_conditions,215;216;217;218;219;220;221;222,F217;F218;F219;F220;F221;F222,10.1021/cb500244v.s003
ABL78509.1_Thermofilum-pendens-Hrk-5,ABL78509.1,xylobiose,0,0.004,0,8,8,8,0,0,0,0,below_background_observed_no_above_in_table,215;216;217;218;219;220;221;222,D215;D216;D217;D218;D219;D220;D221;D222,10.1021/cb500244v.s003
ABN70482.1_Staphylothermus-marinus-F1,ABN70482.1,cellobiose,0,0.009,0,8,8,8,0,0,0,0,below_background_observed_no_above_in_table,223;224;225;226;227;228;229;230,E223;E224;E225;E226;E227;E228;E229;E230,10.1021/cb500244v.s003
ABN70482.1_Staphylothermus-marinus-F1,ABN70482.1,lactose,0,0.009,0,8,8,8,0,0,0,0,below_background_observed_no_above_in_table,223;224;225;226;227;228;229;230,F223;F224;F225;F226;F227;F228;F229;F230,10.1021/cb500244v.s003
ABN70482.1_Staphylothermus-marinus-F1,ABN70482.1,xylobiose,0,0.009,0,8,8,8,0,0,0,0,below_background_observed_no_above_in_table,223;224;225;226;227;228;229;230,D223;D224;D225;D226;D227;D228;D229;D230,10.1021/cb500244v.s003
ACI21065.1_Thermodesulfovibrio-yellowstonii-DSM-11347,ACI21065.1,cellobiose,0,0.004,1,8,8,8,0,0,0,0,below_background_observed_no_above_in_table,303;304;305;306;307;308;309;310,E303;E304;E305;E306;E307;E308;E309;E310,10.1021/cb500244v.s003
ACI21065.1_Thermodesulfovibrio-yellowstonii-DSM-11347,ACI21065.1,lactose,0,0.004,1,8,8,8,0,0,0,0,below_background_observed_no_above_in_table,303;304;305;306;307;308;309;310,F303;F304;F305;F306;F307;F308;F309;F310,10.1021/cb500244v.s003
ACI21065.1_Thermodesulfovibrio-yellowstonii-DSM-11347,ACI21065.1,xylobiose,0,0.004,1,8,8,8,0,0,0,0,below_background_observed_no_above_in_table,303;304;305;306;307;308;309;310,D303;D304;D305;D306;D307;D308;D309;D310,10.1021/cb500244v.s003
ACK43071.1_Dictyoglomus-turgidum-DSM-6724,ACK43071.1,cellobiose,0,0.005375754666666666,1,8,8,4,4,0,0,0,mixed_below_and_above_across_conditions,335;336;337;338;339;340;341;342,E337;E338;E341;E342,10.1021/cb500244v.s003
ACK43071.1_Dictyoglomus-turgidum-DSM-6724,ACK43071.1,lactose,0,0.005375754666666666,1,8,8,4,4,0,0,0,mixed_below_and_above_across_conditions,335;336;337;338;339;340;341;342,F337;F338;F341;F342,10.1021/cb500244v.s003
ACK43071.1_Dictyoglomus-turgidum-DSM-6724,ACK43071.1,xylobiose,0,0.005375754666666666,1,8,8,8,0,0,0,0,below_background_observed_no_above_in_table,335;336;337;338;339;340;341;342,D335;D336;D337;D338;D339;D340;D341;D342,10.1021/cb500244v.s003
ACL10579.1_Desulfurococcus-kamchatkensis-1221n,ACL10579.1,cellobiose,0,0.004,0,8,8,8,0,0,0,0,below_background_observed_no_above_in_table,343;344;345;346;347;348;349;350,E343;E344;E345;E346;E347;E348;E349;E350,10.1021/cb500244v.s003
ACL10579.1_Desulfurococcus-kamchatkensis-1221n,ACL10579.1,lactose,0,0.004,0,8,8,8,0,0,0,0,below_background_observed_no_above_in_table,343;344;345;346;347;348;349;350,F343;F344;F345;F346;F347;F348;F349;F350,10.1021/cb500244v.s003
ACL10579.1_Desulfurococcus-kamchatkensis-1221n,ACL10579.1,xylobiose,0,0.004,0,8,8,8,0,0,0,0,below_background_observed_no_above_in_table,343;344;345;346;347;348;349;350,D343;D344;D345;D346;D347;D348;D349;D350,10.1021/cb500244v.s003
ACO22341.1_Streptococcus-pneumoniae-Taiwan19F-14,ACO22341.1,cellobiose,0,0.004,0,8,8,8,0,0,0,0,below_background_observed_no_above_in_table,766;767;768;769;770;771;772;773,E766;E767;E768;E769;E770;E771;E772;E773,10.1021/cb500244v.s003
ACO22341.1_Streptococcus-pneumoniae-Taiwan19F-14,ACO22341.1,lactose,0,0.004,0,8,8,8,0,0,0,0,below_background_observed_no_above_in_table,766;767;768;769;770;771;772;773,F766;F767;F768;F769;F770;F771;F772;F773,10.1021/cb500244v.s003
ACO22341.1_Streptococcus-pneumoniae-Taiwan19F-14,ACO22341.1,xylobiose,0,0.004,0,8,8,8,0,0,0,0,below_background_observed_no_above_in_table,766;767;768;769;770;771;772;773,D766;D767;D768;D769;D770;D771;D772;D773,10.1021/cb500244v.s003
ACZ37931.1_Sphaerobacter-thermophilus-DSM-20745,ACZ37931.1,cellobiose,0,0.014,0,8,8,7,1,0,0,0,mixed_below_and_above_across_conditions,447;448;449;450;451;452;453;454,E448;E449;E450;E451;E452;E453;E454,10.1021/cb500244v.s003
ACZ37931.1_Sphaerobacter-thermophilus-DSM-20745,ACZ37931.1,lactose,0,0.014,0,8,8,7,1,0,0,0,mixed_below_and_above_across_conditions,447;448;449;450;451;452;453;454,F448;F449;F450;F451;F452;F453;F454,10.1021/cb500244v.s003
ACZ37931.1_Sphaerobacter-thermophilus-DSM-20745,ACZ37931.1,xylobiose,0,0.014,0,8,8,8,0,0,0,0,below_background_observed_no_above_in_table,447;448;449;450;451;452;453;454,D447;D448;D449;D450;D451;D452;D453;D454,10.1021/cb500244v.s003
BAD63025.1_Bacillus-clausii-KSM-K16,BAD63025.1,cellobiose,0,0.001,0,8,8,8,0,0,0,0,below_background_observed_no_above_in_table,599;600;601;602;603;604;605;606,E599;E600;E601;E602;E603;E604;E605;E606,10.1021/cb500244v.s003
BAD63025.1_Bacillus-clausii-KSM-K16,BAD63025.1,lactose,0,0.001,0,8,8,8,0,0,0,0,below_background_observed_no_above_in_table,599;600;601;602;603;604;605;606,F599;F600;F601;F602;F603;F604;F605;F606,10.1021/cb500244v.s003
BAD63025.1_Bacillus-clausii-KSM-K16,BAD63025.1,xylobiose,0,0.001,0,8,8,8,0,0,0,0,below_background_observed_no_above_in_table,599;600;601;602;603;604;605;606,D599;D600;D601;D602;D603;D604;D605;D606,10.1021/cb500244v.s003
CAA56282.1_Pantoea-agglomerans,CAA56282.1,cellobiose,0,0.003,0,7,7,7,0,0,0,0,below_background_observed_no_above_in_table,679;680;681;682;683;684;685,E679;E680;E681;E682;E683;E684;E685,10.1021/cb500244v.s003
CAA56282.1_Pantoea-agglomerans,CAA56282.1,lactose,0,0.003,0,7,7,7,0,0,0,0,below_background_observed_no_above_in_table,679;680;681;682;683;684;685,F679;F680;F681;F682;F683;F684;F685,10.1021/cb500244v.s003
CAA56282.1_Pantoea-agglomerans,CAA56282.1,xylobiose,0,0.003,0,7,7,7,0,0,0,0,below_background_observed_no_above_in_table,679;680;681;682;683;684;685,D679;D680;D681;D682;D683;D684;D685,10.1021/cb500244v.s003
