protein_accession_species,ncbi_accession,expression_binary,source_condition_rows,distinct_pH_temperature_keys,expected_unique_keys,missing_pH_temperature_keys,duplicate_pH_temperature_keys,explicit_below_background_cells,source_rows
AAA22264.1_Paenibacillus-polymyxa,AAA22264.1,1,8,8,8,,,22,39;40;41;42;43;44;45;46
AAA22266.1_Bacillus-circulans-subsp.-alkalophilus,AAA22266.1,1,8,8,8,,,24,15;16;17;18;19;20;21;22
AAA72843.1_Sulfolobus-solfataricus,AAA72843.1,1,8,8,8,,,4,23;24;25;26;27;28;29;30
AAF36392.1_Thermus-nonproteolyticus,AAF36392.1,1,8,8,8,,,8,47;48;49;50;51;52;53;54
AAF37730.1_Thermobifida-fusca,AAF37730.1,1,8,8,8,,,16,55;56;57;58;59;60;61;62
AAK78365.1_Clostridium-acetobutylicum-ATCC-824,AAK78365.1,1,8,8,8,,,24,63;64;65;66;67;68;69;70
AAL34084.2_Rasamsonia-emersonii,AAL34084.2,0,8,8,8,,,24,71;72;73;74;75;76;77;78
AAL81332.1_Pyrococcus-furiosus-DSM-3638,AAL81332.1,1,8,8,8,,,8,79;80;81;82;83;84;85;86
AAP57758.1_Trichoderma-reesei,AAP57758.1,1,8,8,8,,,24,87;88;89;90;91;92;93;94
AAQ00997.1_Clostridium-cellulovorans,AAQ00997.1,1,8,8,8,,,9,95;96;97;98;99;100;101;102
AAT44038.1_Picrophilus-torridus-DSM-9790,AAT44038.1,0,8,8,8,,,24,103;104;105;106;107;108;109;110
AAT59229.1_Bacillus-thuringiensis-serovar-konkukian-str.-97-27,AAT59229.1,1,8,8,8,,,24,111;112;113;114;115;116;117;118
AAU43012.1_Bacillus-licheniformis-DSM-13-=-ATCC-14580,AAU43012.1,1,8,8,8,,,24,119;120;121;122;123;124;125;126
AAU92142.1_Methylococcus-capsulatus-str.-Bath,AAU92142.1,1,8,8,8,,,24,127;128;129;130;131;132;133;134
AAX07701.1_Magnaporthe-grisea,AAX07701.1,0,8,8,8,,,24,135;136;137;138;139;140;141;142
AAY81155.1_Sulfolobus-acidocaldarius-DSM-639,AAY81155.1,1,8,8,8,,,12,143;144;145;146;147;148;149;150
AAZ81839.1_Alicyclobacillus-acidocaldarius,AAZ81839.1,1,8,8,8,,,9,151;152;153;154;155;156;157;158
ABC33525.1_Hahella-chejuensis-KCTC-2396,ABC33525.1,1,8,8,8,,,18,159;160;161;162;163;164;165;166
ABC92395.1_Rhizobium-etli-CFN-42,ABC92395.1,1,8,8,8,,,24,167;168;169;170;171;172;173;174
ABD80656.1_Saccharophagus-degradans-2-40,ABD80656.1,1,8,8,8,,,20,175;176;177;178;179;180;181;182
ABD82858.1_Saccharophagus-degradans-2-40,ABD82858.1,1,8,8,8,,,18,183;184;185;186;187;188;189;190
ABF87202.1_Myxococcus-xanthus-DK-1622,ABF87202.1,1,8,8,8,,,19,191;192;193;194;195;196;197;198
ABK51908.1_Acidothermus-cellulolyticus-11B,ABK51908.1,1,8,8,8,,,16,199;200;201;202;203;204;205;206
ABK71329.1_Mycobacterium-smegmatis-str.-MC2-155,ABK71329.1,1,8,8,8,,,22,207;208;209;210;211;212;213;214
ABL78509.1_Thermofilum-pendens-Hrk-5,ABL78509.1,0,8,8,8,,,22,215;216;217;218;219;220;221;222
ABN70482.1_Staphylothermus-marinus-F1,ABN70482.1,0,8,8,8,,,24,223;224;225;226;227;228;229;230
ABP70047.1_Rhodobacter-sphaeroides-ATCC-17025,ABP70047.1,1,8,8,8,,,15,231;232;233;234;235;236;237;238
ABS61401.1_Fervidobacterium-nodosum-Rt17-B1,ABS61401.1,1,8,8,8,,,9,239;240;241;242;243;244;245;246
ABS74298.1_Bacillus-amyloliquefaciens-FZB42,ABS74298.1,1,8,8,8,,,24,247;248;249;250;251;252;253;254
ABS75964.1_Bacillus-amyloliquefaciens-FZB42,ABS75964.1,1,8,8,8,,,24,734;735;736;737;738;739;740;741
ABU56651.1_Roseiflexus-castenholzii-DSM-13941,ABU56651.1,1,8,8,8,,,16,255;256;257;258;259;260;261;262
ABU77792.1_Cronobacter-sakazakii-ATCC-BAA-894,ABU77792.1,1,8,8,8,,,24,726;727;728;729;730;731;732;733
ABV62413.1_Bacillus-pumilus-SAFR-032,ABV62413.1,1,8,8,8,,,24,495;496;497;498;499;500;501;502
ABW01253.1_Caldivirga-maquilingensis-IC-167,ABW01253.1,1,8,8,8,,,4,263;264;265;266;267;268;269;270
ABW01492.1_Caldivirga-maquilingensis-IC-167,ABW01492.1,1,8,8,8,,,13,271;272;273;274;275;276;277;278
ABX31229.1_Petrotoga-mobilis-SJ95,ABX31229.1,1,8,8,8,,,12,279;280;281;282;283;284;285;286
ABY33610.1_Chloroflexus-aurantiacus-J-10-fl,ABY33610.1,1,8,8,8,,,24,287;288;289;290;291;292;293;294
ACF00459.1_Rhodopseudomonas-palustris-TIE-1,ACF00459.1,1,8,8,8,,,22,295;296;297;298;299;300;301;302
ACI21065.1_Thermodesulfovibrio-yellowstonii-DSM-11347,ACI21065.1,0,8,8,8,,,24,303;304;305;306;307;308;309;310
ACJ34717.1_Anoxybacillus-flavithermus-WK1,ACJ34717.1,1,8,8,8,,,19,311;312;313;314;315;316;317;318
ACJ75238.1_Thermosipho-africanus-TCF52B,ACJ75238.1,1,8,8,8,,,5,319;320;321;322;323;324;325;326
ACJ76349.1_Thermosipho-africanus-TCF52B,ACJ76349.1,1,8,8,8,,,9,327;328;329;330;331;332;333;334
ACK43071.1_Dictyoglomus-turgidum-DSM-6724,ACK43071.1,0,8,8,8,,,16,335;336;337;338;339;340;341;342
ACL10579.1_Desulfurococcus-kamchatkensis-1221n,ACL10579.1,0,8,8,8,,,24,343;344;345;346;347;348;349;350
ACL70277.1_Halothermothrix-orenii-H-168,ACL70277.1,1,8,8,8,,,15,351;352;353;354;355;356;357;358
ACL74759.1_Clostridium-cellulolyticum-H10,ACL74759.1,1,8,8,8,,,16,359;360;361;362;363;364;365;366
ACL95685.1_Caulobacter-crescentus-NA1000,ACL95685.1,1,8,8,8,,,22,367;368;369;370;371;372;373;374
ACM06095.1_Thermomicrobium-roseum-DSM-5159,ACM06095.1,1,8,8,8,,,12,375;376;377;378;379;380;381;382
ACM22958.1_Thermotoga-neapolitana-DSM-4359,ACM22958.1,1,8,8,8,,,2,383;384;385;386;387;388;389;390
ACO22341.1_Streptococcus-pneumoniae-Taiwan19F-14,ACO22341.1,0,8,8,8,,,24,766;767;768;769;770;771;772;773
ACO44852.1_Deinococcus-deserti-VCD115,ACO44852.1,1,8,8,8,,,19,391;392;393;394;395;396;397;398
ACQ70805.1_Exiguobacterium-sp.-AT1b,ACQ70805.1,1,8,8,8,,,24,399;400;401;402;403;404;405;406
ACQ71106.1_Exiguobacterium-sp.-AT1b,ACQ71106.1,1,8,8,8,,,24,407;408;409;410;411;412;413;414
ACX80029.1_Geobacillus-sp.-Y412MC61,ACX80029.1,1,8,8,8,,,24,415;416;417;418;419;420;421;422
ACY97307.1_Thermomonospora-curvata-DSM-43183,ACY97307.1,1,8,8,8,,,16,423;424;425;426;427;428;429;430
ACZ00292.1_Thermomonospora-curvata-DSM-43183,ACZ00292.1,1,8,8,8,,,24,431;432;433;434;435;436;437;438
ACZ10298.1_Sebaldella-termitidis-ATCC-33386,ACZ10298.1,1,8,8,8,,,24,439;440;441;442;443;444;445;446
ACZ37931.1_Sphaerobacter-thermophilus-DSM-20745,ACZ37931.1,0,8,8,8,,,22,447;448;449;450;451;452;453;454
ACZ42845.1_Thermobaculum-terrenum-ATCC-BAA-798,ACZ42845.1,1,8,8,8,,,7,455;456;457;458;459;460;461;462
ADB09596.1_Bifidobacterium-dentium-Bd1,ADB09596.1,1,8,8,8,,,22,463;464;465;466;467;468;469;470
ADD01617.1_Thermoanaerobacter-italicus-Ab9,ADD01617.1,1,8,8,8,,,21,471;472;473;474;475;476;477;478
ADD27066.1_Meiothermus-ruber-DSM-1279,ADD27066.1,1,8,8,8,,,12,479;480;481;482;483;484;485;486
ADD27846.1_Meiothermus-ruber-DSM-1279,ADD27846.1,1,8,8,8,,,16,487;488;489;490;491;492;493;494
ADG73989.1_Cellulomonas-flavigena-DSM-20109,ADG73989.1,1,8,8,8,,,22,503;504;505;506;507;508;509;510
ADG88606.1_Thermobispora-bispora-DSM-43833,ADG88606.1,1,8,8,8,,,18,511;512;513;514;515;516;517;518
ADG88608.1_Thermobispora-bispora-DSM-43833,ADG88608.1,1,8,8,8,,,16,519;520;521;522;523;524;525;526
ADG89307.1_Thermobispora-bispora-DSM-43833,ADG89307.1,1,8,8,8,,,16,527;528;529;530;531;532;533;534
ADG89462.1_Thermobispora-bispora-DSM-43833,ADG89462.1,1,8,8,8,,,24,535;536;537;538;539;540;541;542
BAA19881.1_Bifidobacterium-breve,BAA19881.1,1,8,8,8,,,20,543;544;545;546;547;548;549;550
BAA36160.1_Bacillus-sp.,BAA36160.1,1,8,8,8,,,20,551;552;553;554;555;556;557;558
BAA74959.1_Trichoderma-reesei,BAA74959.1,1,8,8,8,,,20,559;560;561;562;563;564;565;566
BAB05642.1_Bacillus-halodurans-C-125,BAB05642.1,1,8,8,8,,,20,567;568;569;570;571;572;573;574
BAB59827.1_Thermoplasma-volcanium-GSS1,BAB59827.1,1,8,8,8,,,12,575;576;577;578;579;580;581;582
BAC14719.1_Oceanobacillus-iheyensis-HTE831,BAC14719.1,1,8,8,8,,,24,583;584;585;586;587;588;589;590
BAC96154.1_Vibrio-vulnificus-YJ016,BAC96154.1,1,8,8,8,,,20,591;592;593;594;595;596;597;598
BAD63025.1_Bacillus-clausii-KSM-K16,BAD63025.1,0,8,8,8,,,24,599;600;601;602;603;604;605;606
BAD76141.1_Geobacillus-kaustophilus-HTA426,BAD76141.1,1,8,8,8,,,24,607;608;609;610;611;612;613;614
BAD76622.1_Geobacillus-kaustophilus-HTA426,BAD76622.1,1,8,8,8,,,24,615;616;617;618;619;620;621;622
BAD77499.1_Geobacillus-kaustophilus-HTA426,BAD77499.1,1,8,8,8,,,24,623;624;625;626;627;628;629;630
BAE04157.1_Staphylococcus-haemolyticus-JCSC1435,BAE04157.1,1,8,8,8,,,24,750;751;752;753;754;755;756;757
BAE49023.1_Magnetospirillum-magneticum-AMB-1,BAE49023.1,1,8,8,8,,,12,631;632;633;634;635;636;637;638
BAE87008.1_Phanerochaete-chrysosporium,BAE87008.1,1,8,8,8,,,20,31;32;33;34;35;36;37;38
BAG19255.1_Streptomyces-griseus-subsp.-griseus-NBRC-13350,BAG19255.1,1,8,8,8,,,16,639;640;641;642;643;644;645;646
BAH33569.1_Rhodococcus-erythropolis-PR4,BAH33569.1,1,8,8,8,,,22,647;648;649;650;651;652;653;654
CAA31087.1_Caldicellulosiruptor-saccharolyticus,CAA31087.1,1,8,8,8,,,10,655;656;657;658;659;660;661;662
CAA42814.1_Clostridium-thermocellum-ATCC-27405,CAA42814.1,1,8,8,8,,,16,663;664;665;666;667;668;669;670
CAA52344.1_Streptomyces-rochei,CAA52344.1,1,8,8,8,,,22,671;672;673;674;675;676;677;678
CAA56282.1_Pantoea-agglomerans,CAA56282.1,0,7,7,8,8/90,,21,679;680;681;682;683;684;685
CAA82733.1_Streptomyces-sp.,CAA82733.1,1,8,8,8,,,20,7;8;9;10;11;12;13;14
CAA91220.1_Thermoanaerobacter-brockii,CAA91220.1,1,8,8,8,,,13,686;687;688;689;690;691;692;693
CAJ88232.1_Streptomyces-ambofaciens-ATCC-23877,CAJ88232.1,1,8,7,8,5/40,8/90×2,24,694;695;696;697;698;699;700;701
CAL97639.1_Lactococcus-lactis-subsp.-cremoris-MG1363,CAL97639.1,1,8,8,8,,,24,782;783;784;785;786;787;788;789
CAQ03968.1_Corynebacterium-urealyticum-DSM-7109,CAQ03968.1,1,8,8,8,,,24,702;703;704;705;706;707;708;709
CAQ67883.1_Lactobacillus-casei-BL23,CAQ67883.1,1,8,8,8,,,24,710;711;712;713;714;715;716;717
CAR89462.1_Lactobacillus-rhamnosus-Lc-705,CAR89462.1,1,8,8,8,,,24,774;775;776;777;778;779;780;781
CAW94361.1_Streptococcus-equi-subsp.-equi-4047,CAW94361.1,1,8,8,8,,,24,742;743;744;745;746;747;748;749
CBL17177.1_Ruminococcus-champanellensis-18P13,CBL17177.1,1,8,8,8,,,20,718;719;720;721;722;723;724;725
CBL32986.1_Enterococcus-sp.-7L76,CBL32986.1,1,8,8,8,,,24,758;759;760;761;762;763;764;765
CR_14_Cow_Rumen,,1,8,8,8,,,20,806;807;808;809;810;811;812;813
CR_19_Cow_Rumen,,1,8,8,8,,,20,798;799;800;801;802;803;804;805
CR_23_Cow_Rumen,,1,8,8,8,,,24,790;791;792;793;794;795;796;797
CR_24_Cow_Rumen,,1,8,8,8,,,18,814;815;816;817;818;819;820;821
CR_29_Cow_Rumen,,1,8,8,8,,,21,822;823;824;825;826;827;828;829
CR_35_Cow_Rumen,,1,8,8,8,,,24,830;831;832;833;834;835;836;837
CR_37_Cow_Rumen,,1,8,8,8,,,24,846;847;848;849;850;851;852;853
CR_5_Cow_Rumen,,1,8,8,8,,,24,854;855;856;857;858;859;860;861
CR_8_Cow_Rumen,,1,8,8,8,,,24,838;839;840;841;842;843;844;845
CR_9_Cow_Rumen,,1,8,8,8,,,24,862;863;864;865;866;867;868;869
