source_row,canonical_smiles,uniprot_id,activity_value,pactivity_stratum,selection_sha256,ck_split_set,ligand_split_set,cluster_split_set
67206,Cc1cccc(-c2[nH]c(CNc3cccc(C#N)c3CN(C)C)nc2-c2ccc3ncnn3c2)n1,Q16539,6.155522824254319,gt_6,000003f932b734a46c80189de434a52d45f712f380d91c94312374845591064d,test,train,train
25894,CN1CCN(c2ccc(-c3cnc4ccn(S(=O)(=O)c5cccc6nonc56)c4c3)cn2)CC1,P08581,6.842154884048157,gt_6,00007727f1b71ab0e00e6800c69b7e855d6d6bc24de51de083db3c1db300c0f9,train,train,train
56401,CC1CC(O)c2ncnc(N3CCN(C(=O)C(CN4CCC(F)CC4)c4ccc(Cl)cc4)CC3)c21,Q9Y243,7.999999999999998,gt_6,000197c1944570a07bcc66ea1fa6e845c7e694e641bb93065c127281c189ef81,train,train,train
34054,CC(C)(C)c1cc(NC(=O)Nc2ccccc2)n(-c2cccc(CNC(=O)CCC(=O)O)c2)n1,Q16539,6.899650889749678,gt_6,0001e28387fc8cb0ae0aec773816594a2ed85ef74a46442f7c7dce6b0cde36b6,train,train,train
95879,OCCNc1cncc(-c2cc3c(cn2)cnn3-c2cccc(N3CCNCC3)n2)n1,P11309,6.769551078621726,gt_6,00028f290cba7483dc74097f830b351fcb699b615bdf008054b24d69a1d0a493,train,train,train
9813,COCC(C(N)=O)N(C)Cc1cc2c(Nc3cccc(Cl)c3F)ncnc2cc1OC,P00533,7.489330546545115,gt_6,0002edcba6b17e36d26274a57b1030a413a5d6211486011753879fd64e3b4a9b,train,train,test
135077,CC(O)(C#Cc1ccc2nc(O)cc(-c3cn[nH]c3)c2c1)c1nccs1,Q99558,7.413412695328245,gt_6,0004d5b7c49182fc7144db47e8a25cd4fbf791c76542da6d39dd4f99455afbd9,train,train,train
9298,N#Cc1cccc(CC(N)COc2cncc(C=Cc3ccncc3)c2)c1,P31749,6.494850021680094,gt_6,000557787e1fa6bfef16949a0a77605a69299cbeccdb1030a319fb4bf94d8d66,test,train,train
15471,Cc1cncc(Cn2ncc3cc(Nc4ncnn5ccc(CN6CCC(N)CC6)c45)ccc32)c1,P04626,7.886056647693164,gt_6,0005a24d76e0975f0f0c4beaa8d5881eddd9bc4dd6ea76a86d54ee67d18193f9,train,train,train
12772,COCCNC(=O)c1ccc(C)c(Nc2nc(NC3CCNC3)nc(N(C)CC(C)(C)C)n2)c1,Q16539,6.57839607313017,gt_6,0005e8454903fabbc345ee7f18fd9f19e41f0385fe39eb4e23832e1e95a53914,train,train,train
28198,COc1cc2c(Nc3ccc(-c4nc5cc(Cl)ccc5s4)cc3)ncnc2cc1OCCCN1CCN(C)CC1,P00533,4.999999999999999,le_6,0000aff00812884d2f3eb1c8f326d628efb87efdfe1d72718fde8599fdf6ef66,train,train,test
55045,COc1cccc(NC(=O)Cc2nc(N3CCOCC3)cc(=O)[nH]2)c1,P48736,4.999999999999999,le_6,0001133816c56442c206eb756e1c332a9772a5f4031708632b062fdc9acb5add,train,train,train
12714,O=c1cc(-c2ccccc2C(F)(F)F)oc(N2CCOCC2)c1,P78527,5.200659450546419,le_6,00012629736610bdb2035902a5f56b144e197f860f30210530e53fe790590e42,test,train,train
40079,CC(C)(C)c1ccc(C(=O)Nc2cn3cc(-n4ccnc4)ccc3n2)cc1,Q13233,4.999999999999999,le_6,000347889e8b813d0c2e8d1d0557d9d9e85550bab5990eeb12b8dab294ae69ff,train,train,train
71052,O=C(Nc1ccc(O)c(Cl)c1)C1CCN(CC(=O)N2CCN(c3ccc(Br)cc3)CC2)C1,P28482,5.487697231973599,le_6,00034a5c470eaa174c598cf548628bf98688b2c7fc8ba7c0ab61b0248803f809,train,train,test
74163,Fc1cccc(C2CCCN2c2ccc3ncc(-c4ccccn4)n3n2)c1,O60674,5.173925197299175,le_6,0006230340154bef25dd9e4f6134701cda92fedddde26a72643a60c4eb99bc3c,train,train,train
24754,O=C(Nc1cccc(C(F)(F)F)c1)c1nscc1NCc1ccc(F)c(F)c1,P17948,4.999999999999999,le_6,00096ba23c64c2620fc2962814a74765aa6061488ef6491fb2cab9d1582db5f3,train,test,train
19186,COc1cc(N2CCC(N3CCN(C)CC3)CC2)ccc1Nc1ncc(Cl)c(Nc2ccccc2S(=O)(=O)C(C)C)n1,P43403,5.796423225022028,le_6,000a125582eb87f9753a9f6d9e40adfde6c181fb3103a48e02a00b70ae6ac63e,train,train,train
55998,Cc1ccc(Nc2ncc(CN3CCN(S(C)(=O)=O)CC3)cc2-c2nc(C)nc(N)n2)cn1,P42345,4.999999999999999,le_6,000b644e9592a5a3c80b7488e4bfc3f88eaa077d0fb19a42103d81c2742750e9,train,train,train
42277,CC(C)C1COCCN1c1cc(-c2ccc3c(N)n[nH]c3c2)nc(N)n1,Q13464,4.800000463770807,le_6,000cc18f5385fff859f7a7b009ed3b1b4640f73c24ed39e0039c80b1946b1893,test,train,train
