source_row,stratum,prepared_pactivity,uniprot_id,candidate_molecule_count,candidate_molecule_ids,activity_record_count,ic50_record_count,numeric_ic50_pchembl_count,individual_nearest_abs_delta,all_candidate_ic50_mean_pchembl,all_candidate_mean_abs_delta,best_single_molecule_ic50_mean,best_single_molecule_mean_abs_delta,best_candidate_mean_molecule_id,best_candidate_mean_record_count,ic50_non_equality_relation_count,ic50_relations,censored_bound_derived_pactivity_values,closest_censored_bound_abs_delta,assay_count,document_count,doi_count,adjudication_category
7684,le_6,4.301029995663981,P24941,1,CHEMBL194498,1,1,0,,,,,,,,1,>,4.301030,0.000000,1,1,1,no_numeric_IC50_pChEMBL_in_current_candidate_records
9298,gt_6,6.494850021680094,P31749,1,CHEMBL205410,2,2,2,0.005150,6.500000,0.005150,6.500000,0.005150,CHEMBL205410,2,0,=,,,2,2,2,single_candidate_IC50_mean_within_0.01
9813,gt_6,7.489330546545115,P00533,1,CHEMBL379905,2,2,2,0.029331,7.490000,0.000669,7.490000,0.000669,CHEMBL379905,2,0,=,,,2,1,1,single_candidate_IC50_mean_within_0.01
24754,le_6,4.999999999999999,P17948,1,CHEMBL518204,1,1,0,,,,,,,,1,>,5.000000,0.000000,1,1,1,no_numeric_IC50_pChEMBL_in_current_candidate_records
25894,gt_6,6.842154884048157,P08581,1,CHEMBL551458,4,4,4,0.752155,6.902500,0.060345,6.902500,0.060345,CHEMBL551458,4,0,=,,,4,2,2,single_candidate_current_IC50_mean_not_close
25912,le_6,5.301029995663982,P10721,1,CHEMBL551064,1,1,0,,,,,,,,1,>,5.301030,0.000000,1,1,1,no_numeric_IC50_pChEMBL_in_current_candidate_records
27050,le_6,5.154901959985744,P22607,1,CHEMBL576887,1,1,0,,,,,,,,1,>,5.154902,0.000000,1,1,1,no_numeric_IC50_pChEMBL_in_current_candidate_records
28198,le_6,4.999999999999999,P00533,1,CHEMBL596292,2,1,0,,,,,,,,1,>,5.000000,0.000000,2,1,1,no_numeric_IC50_pChEMBL_in_current_candidate_records
34054,gt_6,6.899650889749678,Q16539,1,CHEMBL1209566,2,2,2,0.489651,6.920000,0.020349,6.920000,0.020349,CHEMBL1209566,2,0,=,,,2,1,1,single_candidate_IC50_mean_within_0.05
34516,le_6,4.522878745280338,O14920,1,CHEMBL1222705,1,1,0,,,,,,,,1,>,4.522879,0.000000,1,1,1,no_numeric_IC50_pChEMBL_in_current_candidate_records
34889,gt_6,9.07967319023845,P42338,1,CHEMBL1236962,15,8,8,0.079673,9.238750,0.159077,9.238750,0.159077,CHEMBL1236962,8,0,=,,,15,13,13,single_candidate_current_IC50_mean_not_close
40079,le_6,4.999999999999999,Q13233,3,CHEMBL1642655;CHEMBL2205637;CHEMBL4778541,2,2,0,,,,,,,,2,>,5.000000;5.000000,0.000000,2,2,2,no_numeric_IC50_pChEMBL_in_current_candidate_records
41596,le_6,4.999999999999999,P00533,1,CHEMBL1738710,1,1,0,,,,,,,,1,>,5.000000,0.000000,1,1,1,no_numeric_IC50_pChEMBL_in_current_candidate_records
44719,gt_6,7.042725706532679,P49841,1,CHEMBL1809115,2,2,2,0.842726,7.100000,0.057274,7.100000,0.057274,CHEMBL1809115,2,0,=,,,2,1,1,single_candidate_current_IC50_mean_not_close
46696,le_6,5.602059991327962,P11309,1,CHEMBL1915423,1,1,0,,,,,,,,1,>,5.602060,0.000000,1,1,1,no_numeric_IC50_pChEMBL_in_current_candidate_records
49031,gt_6,6.494850021680094,P11309,1,CHEMBL1952109,1,1,1,0.005150,6.500000,0.005150,6.500000,0.005150,CHEMBL1952109,1,0,=,,,1,1,1,single_candidate_IC50_mean_within_0.01
53178,le_6,4.999999999999999,P48736,1,CHEMBL2064341,1,1,0,,,,,,,,1,>,5.000000,0.000000,1,1,1,no_numeric_IC50_pChEMBL_in_current_candidate_records
55045,le_6,4.999999999999999,P48736,1,CHEMBL2151922,1,1,0,,,,,,,,1,>,5.000000,0.000000,1,1,1,no_numeric_IC50_pChEMBL_in_current_candidate_records
55998,le_6,4.999999999999999,P42345,1,CHEMBL2170093,1,1,0,,,,,,,,1,>,5.000000,0.000000,1,1,1,no_numeric_IC50_pChEMBL_in_current_candidate_records
59702,le_6,6.0,P45984,2,CHEMBL2334293;CHEMBL2334294,1,1,0,,,,,,,,1,>,6.000000,0.000000,1,1,1,no_numeric_IC50_pChEMBL_in_current_candidate_records
69665,gt_6,9.397940008672036,P15056,1,CHEMBL3335372,2,1,0,,,,,,,,1,<,9.397940,0.000000,2,1,1,no_numeric_IC50_pChEMBL_in_current_candidate_records
71052,le_6,5.487697231973599,P28482,1,CHEMBL3356120,4,4,4,0.092303,5.500000,0.012303,5.500000,0.012303,CHEMBL3356120,4,0,=,,,4,1,1,single_candidate_IC50_mean_within_0.05
72356,le_6,4.698970004336019,P22455,1,CHEMBL3401364,1,1,0,,,,,,,,1,>,4.698970,0.000000,1,1,1,no_numeric_IC50_pChEMBL_in_current_candidate_records
83702,gt_6,7.585026652029181,P00533,1,CHEMBL3760023,2,1,1,0.005027,7.580000,0.005027,7.580000,0.005027,CHEMBL3760023,1,0,=,,,2,1,1,single_candidate_IC50_mean_within_0.01
85961,le_6,6.0,P49137,2,CHEMBL3798011;CHEMBL3800082,1,1,0,,,,,,,,1,>,6.000000,0.000000,1,1,1,no_numeric_IC50_pChEMBL_in_current_candidate_records
86383,gt_6,8.522878745280336,P68400,1,CHEMBL3810020,2,2,1,0.222879,8.300000,0.222879,8.300000,0.222879,CHEMBL3810020,1,1,<;=,8.522879,0.000000,2,1,1,single_candidate_current_IC50_mean_not_close
86589,le_6,4.522878745280338,P42338,1,CHEMBL3813865,1,1,0,,,,,,,,1,>,4.522879,0.000000,1,1,1,no_numeric_IC50_pChEMBL_in_current_candidate_records
89062,gt_6,7.30102999566398,P29317,1,CHEMBL3898808,1,1,0,,,,,,,,1,<,7.301030,0.000000,1,1,0,no_numeric_IC50_pChEMBL_in_current_candidate_records
89352,gt_6,10.554072879793155,P11309,4,CHEMBL3900646;CHEMBL3925861;CHEMBL3965757;CHEMBL4112982,20,12,8,0.124073,8.596250,1.957823,8.995000,1.559073,CHEMBL3965757,2,4,<;=,10.000000;10.000000;10.000000;10.000000,0.554073,4,2,1,multiple_structure_candidates_aggregate_not_attributable
91567,gt_6,6.9614469164596855,O60885,2,CHEMBL3916215;CHEMBL4109392,8,4,4,0.481447,6.980000,0.018553,6.480000,0.481447,CHEMBL4109392,2,0,=,,,2,1,0,multiple_structure_candidates_aggregate_not_attributable
99152,gt_6,6.999999999999999,P04049,1,CHEMBL3969503,1,1,0,,,,,,,,1,<,7.000000,0.000000,1,1,0,no_numeric_IC50_pChEMBL_in_current_candidate_records
99657,gt_6,6.408667461385739,P22607,1,CHEMBL3973820,3,3,2,0.178667,7.340000,0.931333,7.340000,0.931333,CHEMBL3973820,2,1,=;>,5.000000,1.408667,3,1,0,single_candidate_current_IC50_mean_not_close
100130,gt_6,7.30102999566398,P54760,1,CHEMBL3977503,1,1,0,,,,,,,,1,<,7.301030,0.000000,1,1,0,no_numeric_IC50_pChEMBL_in_current_candidate_records
103669,le_6,5.096910013008057,P52333,1,CHEMBL4075575,1,1,0,,,,,,,,1,>=,5.096910,0.000000,1,1,1,no_numeric_IC50_pChEMBL_in_current_candidate_records
114749,le_6,4.0,Q14164,1,CHEMBL4293673,2,1,0,,,,,,,,1,>,4.000000,0.000000,2,1,1,no_numeric_IC50_pChEMBL_in_current_candidate_records
126408,le_6,6.0,Q06187,1,CHEMBL4637760,1,1,0,,,,,,,,1,>,6.000000,0.000000,1,1,1,no_numeric_IC50_pChEMBL_in_current_candidate_records
126652,le_6,4.590207949510984,O60885,1,CHEMBL4639916,3,2,1,0.309792,4.900000,0.309792,4.900000,0.309792,CHEMBL4639916,1,1,=;>,4.300000,0.290208,3,1,1,single_candidate_current_IC50_mean_not_close
131088,gt_6,7.441768111082956,Q5S007,2,CHEMBL4740170;CHEMBL4780229,4,4,4,0.341768,7.500000,0.058232,7.450000,0.008232,CHEMBL4740170,2,0,=,,,2,1,1,multiple_structure_candidates_aggregate_not_attributable
139897,gt_6,6.133170092120527,Q99683,1,CHEMBL4869497,3,2,2,0.983170,6.225000,0.091830,6.225000,0.091830,CHEMBL4869497,2,0,=,,,3,1,1,single_candidate_current_IC50_mean_not_close
